CSD_ID,Mean_Absolute_Error,RMSE,Max_Absolute_Error,Observation_Count,Latitude,Longitude
402340099353701,67.98419569302006,67.99882930908034,70.26894282105059,18,40.39445302,-99.59399869
402906099342201,66.9576808028554,67.00492530739332,73.22888204044129,41,40.485083333333336,-99.57288888888888
403558099371801,29.022406874701478,29.09224793935691,32.707856681367616,5,40.5994522,-99.622055
402532099235801,28.839278368279217,28.857084458269078,31.0530978134306,16,40.42582814,-99.40068743
402703099150901,23.731870097581787,23.825960681923274,27.398919596884724,6,40.44969595,-99.25284899
402630099305500,22.213806954532235,22.285964259677318,26.381783139987192,43,40.44133611111111,-99.51204166666666
402524099201601,21.21689253555249,21.447297453097026,29.28280756757428,19,40.42334431,-99.33815365
403322099304801,17.035149829911486,17.096899588664407,21.08334891559264,33,40.5542755075,-99.5122815
402924099235501,15.884534807916053,16.067599512166165,21.4008460890605,28,40.4901949,-99.398706
402421099112000,13.545002622043205,13.683635461286194,17.13924850046525,44,40.40549166666666,-99.18921666666668
403322099272302,13.492032417785957,13.654885043697027,19.38731120990408,21,40.5545803,-99.4609332
403946099383201,12.703005410797369,12.816726257772098,15.892199653945768,25,40.66301611111111,-99.64228555555556
403138099235801,9.329106046261646,9.656207399234045,13.84740357589343,32,40.5255500233333,-99.399115
403646099293301,7.88365421404457,8.086838241640756,12.351439815472784,33,40.6127772,-99.4935704
403316099192301,7.369729658985603,7.372967338506628,7.588206495637594,2,40.554508,-99.32334
403336099225701,6.268447696354618,6.860431485707175,9.221618864009582,5,40.55616214,-99.37615377
403928099371801,6.142810390066238,6.3661427693246635,11.896537576638735,32,40.655954,-99.6202609
404033099373001,4.538184435074268,4.9252028006871145,11.631355646801534,25,40.67593911111111,-99.62515633333332
403507099254101,3.3339608247871264,3.5551261798742044,6.233387574758993,18,40.58520714,-99.42844836
402821099282901,3.198327672173027,3.376460886617005,5.294887025438783,15,40.47215973,-99.47068872
402905099115301,3.074384196650833,3.403532149833748,6.176499767970569,27,40.4848551,-99.1983097
403322099201601,2.7687027692041686,3.4717900354929,9.97906573182006,28,40.5547811,-99.3416484
403651099281401,2.7563106209916404,3.101531695717948,5.921210764901439,30,40.613021,-99.4747929
403217099312001,2.4295862287599426,3.1046849407333212,6.826117002541366,33,40.5392815,-99.5207383
403315099351501,2.2691486908982985,2.654310146053343,4.366071699512446,22,40.554270555555554,-99.58744083333332
404040099383501,1.7877290071922054,2.206856167266693,5.499143045714775,24,40.67796833333333,-99.64313333333334
403408099130501,1.621885541039534,2.9742574352919773,12.052068903479446,22,40.56878722222223,-99.21816944444444
403322099254102,1.4971985094477402,1.9492443772870065,3.9956070836179567,11,40.554275,-99.4303056
404102099373001,1.4948078898831723,1.6912181070167263,3.093556826440933,25,40.68405933333333,-99.62523716666666
403915099190801,1.364189939187116,1.6023796311934864,3.9215661870642142,27,40.6573434,-99.3214291
403645099242701,1.1733907486466408,1.4762034655789658,4.524604150104128,26,40.61264497222222,-99.40752011111113
403037099111401,1.1283152051591465,1.4457646281581105,3.3314156347861044,17,40.5103457694444,-99.1873426
403903099214301,0.9026965770575712,1.2454181408028153,3.603968622196131,23,40.650864722222224,-99.3618686111111
G-187841Deep,0.3360465648246187,0.37862771728160555,0.5104932746343849,2,40.55758333,-99.32308333
