CSD_ID,County,LatDD,LongDD,YearMsr,DateMsr,Actual,Predicted,Prediction_Error,Absolute_Error,Error,Observation_Count
402340099353701,PHELPS,40.39445302,-99.59399869,2017,2017-04-20,24.79,98.88114577380946,-74.09114577380947,74.09114577380947,-74.09114577380947,18
402340099353701,PHELPS,40.39445302,-99.59399869,2019,2019-04-17,24.11,98.11941845238132,-74.00941845238131,74.00941845238131,-74.00941845238131,18
402340099353701,PHELPS,40.39445302,-99.59399869,2018,2018-04-24,24.75,98.4276685119047,-73.6776685119047,73.6776685119047,-73.6776685119047,18
402340099353701,PHELPS,40.39445302,-99.59399869,2016,2016-04-11,24.7,98.13652142857116,-73.43652142857117,73.43652142857117,-73.43652142857117,18
402340099353701,PHELPS,40.39445302,-99.59399869,2015,2015-04-07,24.81,97.3883116666668,-72.57831166666679,72.57831166666679,-72.57831166666679,18
402340099353701,PHELPS,40.39445302,-99.59399869,2007,2007-05-08,24.41,96.95068553571436,-72.54068553571437,72.54068553571437,-72.54068553571437,18
402340099353701,PHELPS,40.39445302,-99.59399869,2006,2006-05-01,25.43,96.84621148809514,-71.41621148809514,71.41621148809514,-71.41621148809514,18
402340099353701,PHELPS,40.39445302,-99.59399869,2008,2008-04-30,24.96,96.12182874999988,-71.16182874999987,71.16182874999987,-71.16182874999987,18
402340099353701,PHELPS,40.39445302,-99.59399869,2004,2004-04-29,25.37,96.28417892857136,-70.91417892857135,70.91417892857135,-70.91417892857135,18
402340099353701,PHELPS,40.39445302,-99.59399869,2005,2005-05-11,25.42,96.23388553571424,-70.81388553571425,70.81388553571425,-70.81388553571425,18
402340099353701,PHELPS,40.39445302,-99.59399869,2013,2013-04-16,24.7,94.20441976190467,-69.50441976190469,69.50441976190469,-69.50441976190469,18
402340099353701,PHELPS,40.39445302,-99.59399869,2003,2003-05-05,25.25,94.43438904761906,-69.18438904761906,69.18438904761906,-69.18438904761906,18
402340099353701,PHELPS,40.39445302,-99.59399869,2010,2010-05-03,24.61,93.54005309523797,-68.93005309523797,68.93005309523797,-68.93005309523797,18
402340099353701,PHELPS,40.39445302,-99.59399869,2001,2001-05-09,25.07,93.73181598214282,-68.66181598214283,68.66181598214283,-68.66181598214283,18
402340099353701,PHELPS,40.39445302,-99.59399869,2000,2000-04-12,25.44,94.01032083333332,-68.57032083333331,68.57032083333331,-68.57032083333331,18
402340099353701,PHELPS,40.39445302,-99.59399869,2012,2012-03-28,24.35,92.4595667857145,-68.10956678571449,68.10956678571449,-68.10956678571449,18
402340099353701,PHELPS,40.39445302,-99.59399869,2011,2011-05-09,24.62,92.54265374999991,-67.92265374999991,67.92265374999991,-67.92265374999991,18
402340099353701,PHELPS,40.39445302,-99.59399869,2002,2002-04-24,25.21,92.9908523809524,-67.78085238095241,67.78085238095241,-67.78085238095241,18
402906099342201,PHELPS,40.485083333333336,-99.57288888888888,2003,2003-10-22,154.11,93.28031874999988,60.829681250000135,60.829681250000135,60.829681250000135,41
402906099342201,PHELPS,40.485083333333336,-99.57288888888888,2015,2015-10-06,154.79,96.47813624999988,58.3118637500001,58.3118637500001,58.3118637500001,41
