CSD_ID,LatDD,LongDD,Actual,Predicted,Error,Absolute_Error
402340099353701,40.39445302,-99.59399869,25.44,94.01032083333332,-68.57032083333331,68.57032083333331
402421099112000,40.40549166666666,-99.18921666666668,50.0,105.9334593434344,-55.93345934343439,55.93345934343439
402524099201601,40.42334431,-99.33815365,120.28,86.72828928571425,33.55171071428575,33.55171071428575
402532099235801,40.42582814,-99.40068743,115.9,100.3328408630953,15.567159136904706,15.567159136904706
402630099305500,40.44133611111111,-99.51204166666666,176.14,160.83568004960313,15.30431995039686,15.30431995039686
402703099150901,40.44969595,-99.25284899,36.83,91.03660531746029,-54.20660531746029,54.20660531746029
402821099282901,40.47215973,-99.47068872,90.1,91.31059565476168,-1.2105956547616756,1.2105956547616756
402905099115301,40.4848551,-99.1983097,25.73,24.319754166666748,1.4102458333332528,1.4102458333332528
402906099342201,40.485083333333336,-99.57288888888888,148.14,94.61171666666633,53.52828333333368,53.52828333333368
402924099235501,40.4901949,-99.398706,47.25,46.19654750992055,1.0534524900794509,1.0534524900794509
403138099235801,40.5255500233333,-99.399115,18.67,18.723774999999907,-0.0537749999999057,0.0537749999999057
403217099312001,40.5392815,-99.5207383,96.74,94.6199166666663,2.120083333333696,2.120083333333696
403322099201601,40.5547811,-99.3416484,3.62,10.378412916666694,-6.7584129166666935,6.7584129166666935
403322099272302,40.5545803,-99.4609332,15.25,14.643513392857145,0.6064866071428554,0.6064866071428554
403322099304801,40.5542755075,-99.5122815,53.15,69.0156932738097,-15.865693273809704,15.865693273809704
403336099225701,40.55616214,-99.37615377,19.51,12.208720892857158,7.301279107142843,7.301279107142843
403507099254101,40.58520714,-99.42844836,17.5,14.022679999999989,3.4773200000000117,3.4773200000000117
403646099293301,40.6127772,-99.4935704,14.31,23.416641666666575,-9.106641666666578,9.106641666666578
403651099281401,40.613021,-99.4747929,35.0,19.804329166666577,15.195670833333423,15.195670833333423
403915099190801,40.6573434,-99.3214291,7.28,11.849761875000013,-4.569761875000011,4.569761875000011
403928099371801,40.655954,-99.6202609,80.32,70.0856025000001,10.234397499999886,10.234397499999886
402340099353701,40.39445302,-99.59399869,25.07,93.73181598214282,-68.66181598214283,68.66181598214283
402421099112000,40.40549166666666,-99.18921666666668,51.46,105.862411607143,-54.402411607143,54.402411607143
402524099201601,40.42334431,-99.33815365,109.06,87.23586773809502,21.82413226190498,21.82413226190498
402532099235801,40.42582814,-99.40068743,116.18,99.67054678571417,16.50945321428584,16.50945321428584
402630099305500,40.44133611111111,-99.51204166666666,177.18,159.83757912698422,17.342420873015783,17.342420873015783
402703099150901,40.44969595,-99.25284899,37.0,91.33577970238086,-54.33577970238086,54.33577970238086
402906099342201,40.485083333333336,-99.57288888888888,149.07,92.95095833333316,56.11904166666683,56.11904166666683
403217099312001,40.5392815,-99.5207383,98.0,92.90249583333316,5.0975041666668375,5.0975041666668375
403322099201601,40.5547811,-99.3416484,4.12,11.823132916666674,-7.703132916666674,7.703132916666674
403322099304801,40.5542755075,-99.5122815,54.32,70.53263869047619,-16.21263869047619,16.21263869047619
403507099254101,40.58520714,-99.42844836,16.61,13.056034880952373,3.5539651190476267,3.5539651190476267
403646099293301,40.6127772,-99.4935704,10.52,25.139067559523813,-14.619067559523812,14.619067559523812
403915099190801,40.6573434,-99.3214291,8.61,11.655451488095258,-3.0454514880952583,3.0454514880952583
403928099371801,40.655954,-99.6202609,80.21,70.75839291666657,9.451607083333428,9.451607083333428
402340099353701,40.39445302,-99.59399869,25.21,92.9908523809524,-67.78085238095241,67.78085238095241
402421099112000,40.40549166666666,-99.18921666666668,52.18,104.98712361111122,-52.807123611111216,52.807123611111216
402524099201601,40.42334431,-99.33815365,109.8,86.40285819444432,23.39714180555568,23.39714180555568
402532099235801,40.42582814,-99.40068743,115.52,98.99290117063484,16.52709882936516,16.52709882936516
402630099305500,40.44133611111111,-99.51204166666666,178.77,159.11393764880967,19.656062351190343,19.656062351190343
402703099150901,40.44969595,-99.25284899,39.36,90.5857944444444,-51.22579444444439,51.22579444444439
402821099282901,40.47215973,-99.47068872,90.09,91.90489440476178,-1.8148944047617728,1.8148944047617728
402905099115301,40.4848551,-99.1983097,27.76,24.552575833333364,3.207424166666637,3.207424166666637
402906099342201,40.485083333333336,-99.57288888888888,148.66,92.69339999999988,55.96660000000013,55.96660000000013
402924099235501,40.4901949,-99.398706,50.56,45.161726646825365,5.398273353174638,5.398273353174638
403138099235801,40.5255500233333,-99.399115,20.89,19.42905000000008,1.4609499999999187,1.4609499999999187
403217099312001,40.5392815,-99.5207383,98.69,92.70074999999989,5.989250000000112,5.989250000000112
403322099201601,40.5547811,-99.3416484,6.35,11.97337958333332,-5.623379583333321,5.623379583333321
403322099272302,40.5545803,-99.4609332,17.0,15.269481369047588,1.730518630952412,1.730518630952412
403322099304801,40.5542755075,-99.5122815,54.81,68.18300285714312,-13.37300285714312,13.37300285714312
403507099254101,40.58520714,-99.42844836,21.14,15.127882500000055,6.012117499999944,6.012117499999944
403646099293301,40.6127772,-99.4935704,15.07,24.718974166666648,-9.648974166666648,9.648974166666648
403651099281401,40.613021,-99.4747929,38.14,21.513425000000023,16.626574999999974,16.626574999999974
403915099190801,40.6573434,-99.3214291,8.94,10.983675845959608,-2.0436758459596085,2.0436758459596085
403928099371801,40.655954,-99.6202609,81.04,69.89816000000015,11.14183999999986,11.14183999999986
402340099353701,40.39445302,-99.59399869,25.25,94.43438904761906,-69.18438904761906,69.18438904761906
402421099112000,40.40549166666666,-99.18921666666668,55.45,107.1804546130954,-51.73045461309541,51.73045461309541
402524099201601,40.42334431,-99.33815365,111.68,87.14975720238097,24.53024279761904,24.53024279761904
402532099235801,40.42582814,-99.40068743,117.29,98.88222041666673,18.40777958333329,18.40777958333329
402630099305500,40.44133611111111,-99.51204166666666,177.87,161.6883842658732,16.181615734126808,16.181615734126808
402703099150901,40.44969595,-99.25284899,42.44,92.31924336309524,-49.87924336309523,49.87924336309523
402821099282901,40.47215973,-99.47068872,92.28,90.5564173214284,1.7235826785716029,1.7235826785716029
402905099115301,40.4848551,-99.1983097,31.26,24.771122916666688,6.488877083333314,6.488877083333314
402906099342201,40.485083333333336,-99.57288888888888,149.9,93.28031874999988,56.61968125000013,56.61968125000013
402924099235501,40.4901949,-99.398706,55.35,44.57790793650784,10.77209206349216,10.77209206349216
403138099235801,40.5255500233333,-99.399115,25.16,21.71678249999991,3.443217500000092,3.443217500000092
403217099312001,40.5392815,-99.5207383,101.7,93.23462291666654,8.465377083333465,8.465377083333465
403322099201601,40.5547811,-99.3416484,9.29,13.04048669642857,-3.7504866964285695,3.7504866964285695
403322099272302,40.5545803,-99.4609332,19.67,15.882903392857177,3.7870966071428263,3.7870966071428263
403322099304801,40.5542755075,-99.5122815,57.5,69.11747285714284,-11.617472857142843,11.617472857142843
403507099254101,40.58520714,-99.42844836,24.25,15.733859107142871,8.516140892857127,8.516140892857127
403646099293301,40.6127772,-99.4935704,17.49,25.375887857142825,-7.885887857142826,7.885887857142826
403651099281401,40.613021,-99.4747929,41.97,22.202074583333275,19.767925416666724,19.767925416666724
403915099190801,40.6573434,-99.3214291,9.99,10.772951220238104,-0.7829512202381039,0.7829512202381039
403928099371801,40.655954,-99.6202609,82.22,69.59978374999993,12.62021625000007,12.62021625000007
402340099353701,40.39445302,-99.59399869,25.37,96.28417892857136,-70.91417892857135,70.91417892857135
402421099112000,40.40549166666666,-99.18921666666668,57.55,107.62427976190467,-50.07427976190469,50.07427976190469
402524099201601,40.42334431,-99.33815365,113.94,90.41525843253964,23.524741567460367,23.524741567460367
402532099235801,40.42582814,-99.40068743,118.12,103.20611102182524,14.913888978174768,14.913888978174768
402630099305500,40.44133611111111,-99.51204166666666,178.37,162.301155357143,16.068844642857016,16.068844642857016
402703099150901,40.44969595,-99.25284899,43.62,93.16481029761891,-49.54481029761892,49.54481029761892
402821099282901,40.47215973,-99.47068872,94.41,92.5265669047619,1.883433095238089,1.883433095238089
402905099115301,40.4848551,-99.1983097,33.0,27.832298333333338,5.167701666666662,5.167701666666662
402906099342201,40.485083333333336,-99.57288888888888,150.45,96.56616249999992,53.88383750000007,53.88383750000007
402924099235501,40.4901949,-99.398706,57.0,48.55654827380942,8.443451726190581,8.443451726190581
403138099235801,40.5255500233333,-99.399115,27.0,23.962137500000058,3.0378624999999424,3.0378624999999424
403217099312001,40.5392815,-99.5207383,104.61,96.58361249999992,8.02638750000007,8.02638750000007
403322099201601,40.5547811,-99.3416484,11.61,14.960688690476196,-3.350688690476195,3.350688690476195
403322099272302,40.5545803,-99.4609332,21.38,14.873674642857136,6.506325357142863,6.506325357142863
403322099304801,40.5542755075,-99.5122815,60.02,72.25558160714289,-12.235581607142883,12.235581607142883
403507099254101,40.58520714,-99.42844836,25.82,17.025157797619016,8.794842202380984,8.794842202380984
403646099293301,40.6127772,-99.4935704,18.73,26.23022994047621,-7.500229940476213,7.500229940476213
403651099281401,40.613021,-99.4747929,43.0,24.011457797619105,18.98854220238089,18.98854220238089
403915099190801,40.6573434,-99.3214291,10.43,12.3258255952381,-1.895825595238101,1.895825595238101
403928099371801,40.655954,-99.6202609,83.73,73.14767488095245,10.582325119047551,10.582325119047551
402340099353701,40.39445302,-99.59399869,25.42,96.23388553571424,-70.81388553571425,70.81388553571425
402421099112000,40.40549166666666,-99.18921666666668,58.66,108.530661666667,-49.87066166666701,49.87066166666701
402524099201601,40.42334431,-99.33815365,115.43,90.35025554563477,25.07974445436525,25.07974445436525
402532099235801,40.42582814,-99.40068743,120.1,101.94179167658712,18.158208323412865,18.158208323412865
402630099305500,40.44133611111111,-99.51204166666666,182.94,161.5834988988095,21.356501101190503,21.356501101190503
402703099150901,40.44969595,-99.25284899,46.63,93.31009482142854,-46.68009482142853,46.68009482142853
402821099282901,40.47215973,-99.47068872,96.0,92.8126448214286,3.1873551785714085,3.1873551785714085
402905099115301,40.4848551,-99.1983097,34.0,27.17770499999997,6.822295000000025,6.822295000000025
402906099342201,40.485083333333336,-99.57288888888888,150.85,95.49655416666694,55.353445833333055,55.353445833333055
402924099235501,40.4901949,-99.398706,57.63,48.06795087301578,9.56204912698422,9.56204912698422
403138099235801,40.5255500233333,-99.399115,28.06,24.847862500000016,3.212137499999983,3.212137499999983
403217099312001,40.5392815,-99.5207383,104.82,95.49330416666696,9.326695833333048,9.326695833333048
403322099201601,40.5547811,-99.3416484,10.27,16.051086666666652,-5.781086666666653,5.781086666666653
403322099272302,40.5545803,-99.4609332,19.71,15.005273452380957,4.704726547619046,4.704726547619046
403322099304801,40.5542755075,-99.5122815,60.61,73.10778202380975,-12.497782023809748,12.497782023809748
403336099225701,40.55616214,-99.37615377,26.56,15.959315297619057,10.600684702380942,10.600684702380942
403507099254101,40.58520714,-99.42844836,25.3,16.45180821428577,8.848191785714231,8.848191785714231
403646099293301,40.6127772,-99.4935704,18.25,26.913042619047648,-8.663042619047648,8.663042619047648
403651099281401,40.613021,-99.4747929,43.47,25.258442202380987,18.21155779761901,18.21155779761901
403915099190801,40.6573434,-99.3214291,10.42,12.257883988095264,-1.837883988095264,1.837883988095264
403928099371801,40.655954,-99.6202609,84.0,71.23827416666668,12.761725833333315,12.761725833333315
402340099353701,40.39445302,-99.59399869,25.43,96.84621148809514,-71.41621148809514,71.41621148809514
402421099112000,40.40549166666666,-99.18921666666668,59.78,109.69412949404756,-49.91412949404757,49.91412949404757
402524099201601,40.42334431,-99.33815365,117.42,90.08622934523804,27.333770654761963,27.333770654761963
402532099235801,40.42582814,-99.40068743,120.0,100.17804839285708,19.82195160714292,19.82195160714292
402630099305500,40.44133611111111,-99.51204166666666,180.05,162.2897611607145,17.760238839285506,17.760238839285506
402821099282901,40.47215973,-99.47068872,97.56,92.34779232142849,5.212207678571531,5.212207678571531
402905099115301,40.4848551,-99.1983097,35.91,28.08478940476201,7.825210595237991,7.825210595237991
402906099342201,40.485083333333336,-99.57288888888888,152.46,98.03978779761896,54.42021220238104,54.42021220238104
402924099235501,40.4901949,-99.398706,59.22,48.24824746482675,10.971752535173252,10.971752535173252
403138099235801,40.5255500233333,-99.399115,32.0,25.10112083333326,6.898879166666742,6.898879166666742
403217099312001,40.5392815,-99.5207383,107.27,98.0350211309523,9.234978869047694,9.234978869047694
403322099201601,40.5547811,-99.3416484,10.91,17.00129452380953,-6.09129452380953,6.09129452380953
403322099272302,40.5545803,-99.4609332,22.91,16.842917718254,6.067082281746,6.067082281746
403322099304801,40.5542755075,-99.5122815,62.54,75.29683898809539,-12.756838988095389,12.756838988095389
403336099225701,40.55616214,-99.37615377,24.2,17.858746666666693,6.341253333333306,6.341253333333306
403507099254101,40.58520714,-99.42844836,27.0,18.366446845238144,8.633553154761856,8.633553154761856
403646099293301,40.6127772,-99.4935704,18.0,26.58037351190476,-8.58037351190476,8.58037351190476
403651099281401,40.613021,-99.4747929,43.0,23.91520220238093,19.08479779761907,19.08479779761907
403915099190801,40.6573434,-99.3214291,11.0,11.820470853174616,-0.8204708531746157,0.8204708531746157
403928099371801,40.655954,-99.6202609,84.27,71.75933101190475,12.510668988095247,12.510668988095247
402340099353701,40.39445302,-99.59399869,24.41,96.95068553571436,-72.54068553571437,72.54068553571437
402421099112000,40.40549166666666,-99.18921666666668,59.94,109.37384113095256,-49.43384113095257,49.43384113095257
402524099201601,40.42334431,-99.33815365,117.57,90.85396542658724,26.716034573412745,26.716034573412745
402532099235801,40.42582814,-99.40068743,119.41,102.58534870039682,16.824651299603175,16.824651299603175
402630099305500,40.44133611111111,-99.51204166666666,179.48,163.15819071428572,16.321809285714266,16.321809285714266
402821099282901,40.47215973,-99.47068872,100.93,93.82042482142867,7.109575178571333,7.109575178571333
402905099115301,40.4848551,-99.1983097,36.8,27.07670797619047,9.723292023809528,9.723292023809528
402906099342201,40.485083333333336,-99.57288888888888,151.96,97.77003291666684,54.18996708333317,54.18996708333317
402924099235501,40.4901949,-99.398706,59.81,47.87093821428569,11.939061785714316,11.939061785714316
403138099235801,40.5255500233333,-99.399115,32.0,24.41453541666665,7.585464583333351,7.585464583333351
403217099312001,40.5392815,-99.5207383,106.52,97.77102041666684,8.748979583333167,8.748979583333167
403322099272302,40.5545803,-99.4609332,20.41,15.294525535714271,5.115474464285729,5.115474464285729
403322099304801,40.5542755075,-99.5122815,62.22,74.78850077380964,-12.568500773809646,12.568500773809646
403336099225701,40.55616214,-99.37615377,29.15,16.257128799603187,12.892871200396812,12.892871200396812
403507099254101,40.58520714,-99.42844836,24.91,17.31277779761907,7.59722220238093,7.59722220238093
403645099242701,40.61264497222222,-99.40752011111113,22.53,22.266811309523806,0.2631886904761948,0.2631886904761948
403646099293301,40.6127772,-99.4935704,17.14,24.83938958333335,-7.69938958333335,7.69938958333335
403651099281401,40.613021,-99.4747929,43.37,22.36946922619047,21.00053077380953,21.00053077380953
403915099190801,40.6573434,-99.3214291,9.11,11.214519444444443,-2.104519444444444,2.104519444444444
403928099371801,40.655954,-99.6202609,84.0,74.24865976190466,9.751340238095338,9.751340238095338
403946099383201,40.66301611111111,-99.64228555555556,95.34,118.22750088293628,-22.887500882936266,22.887500882936266
404033099373001,40.67593911111111,-99.62515633333332,8.9,3.5633908333333557,5.336609166666645,5.336609166666645
404040099383501,40.67796833333333,-99.64313333333334,10.79,14.28154232142861,-3.4915423214286108,3.4915423214286108
404102099373001,40.68405933333333,-99.62523716666666,9.85,8.059062916666651,1.790937083333349,1.790937083333349
402340099353701,40.39445302,-99.59399869,24.96,96.12182874999988,-71.16182874999987,71.16182874999987
402421099112000,40.40549166666666,-99.18921666666668,58.14,108.7428120833332,-50.602812083333205,50.602812083333205
402524099201601,40.42334431,-99.33815365,115.17,90.32629738095238,24.84370261904762,24.84370261904762
402532099235801,40.42582814,-99.40068743,118.78,101.94054904761916,16.839450952380844,16.839450952380844
402630099305500,40.44133611111111,-99.51204166666666,178.18,163.08126967261916,15.09873032738085,15.09873032738085
402821099282901,40.47215973,-99.47068872,95.0,94.38156931547636,0.6184306845236449,0.6184306845236449
402905099115301,40.4848551,-99.1983097,34.86,26.80550916666666,8.05449083333334,8.05449083333334
402906099342201,40.485083333333336,-99.57288888888888,150.52,97.79794916666634,52.72205083333367,52.72205083333367
402924099235501,40.4901949,-99.398706,56.48,48.16292130952376,8.317078690476237,8.317078690476237
403138099235801,40.5255500233333,-99.399115,29.0,24.4664258333333,4.5335741666667,4.5335741666667
403217099312001,40.5392815,-99.5207383,105.0,97.79249916666636,7.207500833333654,7.207500833333654
403322099201601,40.5547811,-99.3416484,8.76,14.566437678571424,-5.806437678571426,5.806437678571426
403322099272302,40.5545803,-99.4609332,20.46,15.081634285714252,5.378365714285748,5.378365714285748
403322099304801,40.5542755075,-99.5122815,60.66,73.62550059523825,-12.965500595238254,12.965500595238254
403336099225701,40.55616214,-99.37615377,20.78,16.024022321428557,4.755977678571444,4.755977678571444
403507099254101,40.58520714,-99.42844836,24.32,16.81152125000001,7.508478749999991,7.508478749999991
403645099242701,40.61264497222222,-99.40752011111113,19.94,20.887672708333326,-0.9476727083333252,0.9476727083333252
403646099293301,40.6127772,-99.4935704,19.07,24.62187750000001,-5.5518775000000105,5.5518775000000105
403651099281401,40.613021,-99.4747929,41.18,21.94727749999998,19.23272250000002,19.23272250000002
403915099190801,40.6573434,-99.3214291,9.36,10.11627024801586,-0.7562702480158592,0.7562702480158592
403928099371801,40.655954,-99.6202609,84.24,71.52011583333311,12.719884166666889,12.719884166666889
403946099383201,40.66301611111111,-99.64228555555556,95.4,115.36555293921332,-19.96555293921331,19.96555293921331
403903099214301,40.650864722222224,-99.3618686111111,7.4,7.73297916666665,-0.3329791666666493,0.3329791666666493
404033099373001,40.67593911111111,-99.62515633333332,9.75,3.983586250000013,5.766413749999987,5.766413749999987
404040099383501,40.67796833333333,-99.64313333333334,11.48,13.31442571428574,-1.8344257142857396,1.8344257142857396
404102099373001,40.68405933333333,-99.62523716666666,10.0,8.315207857142843,1.684792142857157,1.684792142857157
402906099342201,40.485083333333336,-99.57288888888888,153.25,97.79794916666634,55.45205083333366,55.45205083333366
404040099383501,40.67796833333333,-99.64313333333334,10.56,13.31442571428574,-2.75442571428574,2.75442571428574
403946099383201,40.66301611111111,-99.64228555555556,94.98,115.36555293921332,-20.385552939213312,20.385552939213312
402630099305500,40.44133611111111,-99.51204166666666,181.23,163.08126967261916,18.148730327380832,18.148730327380832
404033099373001,40.67593911111111,-99.62515633333332,9.12,3.983586250000013,5.136413749999986,5.136413749999986
404102099373001,40.68405933333333,-99.62523716666666,10.02,8.315207857142843,1.7047921428571566,1.7047921428571566
403645099242701,40.61264497222222,-99.40752011111113,20.08,20.887672708333326,-0.8076727083333282,0.8076727083333282
403903099214301,40.650864722222224,-99.3618686111111,6.72,7.73297916666665,-1.01297916666665,1.01297916666665
402421099112000,40.40549166666666,-99.18921666666668,57.85,108.7428120833332,-50.8928120833332,50.8928120833332
403408099130501,40.56878722222223,-99.21816944444444,14.48,14.34680973214294,0.13319026785706,0.13319026785706
403315099351501,40.554270555555554,-99.58744083333332,69.0,72.41253249999968,-3.412532499999685,3.412532499999685
402421099112000,40.40549166666666,-99.18921666666668,56.97,106.31644595238082,-49.34644595238082,49.34644595238082
402630099305500,40.44133611111111,-99.51204166666666,178.29,163.50279312500012,14.787206874999868,14.787206874999868
402906099342201,40.485083333333336,-99.57288888888888,150.58,100.22703910714256,50.35296089285744,50.35296089285744
403408099130501,40.56878722222223,-99.21816944444444,17.36,15.380270535714304,1.9797294642856968,1.9797294642856968
403645099242701,40.61264497222222,-99.40752011111113,19.92,20.975644494047643,-1.055644494047641,1.055644494047641
403315099351501,40.554270555555554,-99.58744083333332,71.27,73.96825208333335,-2.698252083333358,2.698252083333358
403903099214301,40.650864722222224,-99.3618686111111,8.77,8.576856666666675,0.1931433333333245,0.1931433333333245
404040099383501,40.67796833333333,-99.64313333333334,13.9,13.65612083333334,0.2438791666666606,0.2438791666666606
404033099373001,40.67593911111111,-99.62515633333332,11.22,4.892930833333351,6.327069166666649,6.327069166666649
404102099373001,40.68405933333333,-99.62523716666666,11.07,8.247401944444407,2.822598055555593,2.822598055555593
403946099383201,40.66301611111111,-99.64228555555556,98.31,117.974465,-19.664464999999996,19.664464999999996
402532099235801,40.42582814,-99.40068743,117.81,102.5495020287352,15.260497971264796,15.260497971264796
403037099111401,40.5103457694444,-99.1873426,28.47,27.094712797619096,1.3752872023809033,1.3752872023809033
402905099115301,40.4848551,-99.1983097,33.24,27.20304934523808,6.03695065476192,6.03695065476192
402924099235501,40.4901949,-99.398706,56.15,47.54425201388888,8.605747986111119,8.605747986111119
402821099282901,40.47215973,-99.47068872,93.84,93.89257086309536,-0.0525708630953687,0.0525708630953687
403322099201601,40.5547811,-99.3416484,7.23,14.33503068452384,-7.10503068452384,7.10503068452384
403138099235801,40.5255500233333,-99.399115,29.53,24.452854166666665,5.077145833333336,5.077145833333336
403507099254101,40.58520714,-99.42844836,23.0,15.74077074404762,7.2592292559523806,7.2592292559523806
403322099304801,40.5542755075,-99.5122815,60.0,73.89637425595221,-13.89637425595221,13.89637425595221
403322099272302,40.5545803,-99.4609332,19.25,14.23366198412697,5.01633801587303,5.01633801587303
403217099312001,40.5392815,-99.5207383,104.24,100.22908910714256,4.010910892857424,4.010910892857424
403915099190801,40.6573434,-99.3214291,8.32,10.5042835515873,-2.184283551587299,2.184283551587299
403646099293301,40.6127772,-99.4935704,17.68,24.99292981150797,-7.312929811507971,7.312929811507971
403651099281401,40.613021,-99.4747929,40.48,21.873292673160183,18.60670732683981,18.60670732683981
403928099371801,40.655954,-99.6202609,84.12,72.982375,11.137625,11.137625
402524099201601,40.42334431,-99.33815365,114.53,90.80535021867028,23.72464978132973,23.72464978132973
403037099111401,40.5103457694444,-99.1873426,33.09,28.33431291666672,4.755687083333285,4.755687083333285
403037099111401,40.5103457694444,-99.1873426,32.24,27.022024404761897,5.217975595238105,5.217975595238105
403037099111401,40.5103457694444,-99.1873426,30.16,27.022024404761897,3.137975595238103,3.137975595238103
403037099111401,40.5103457694444,-99.1873426,30.17,26.994590416666632,3.1754095833333693,3.1754095833333693
402421099112000,40.40549166666666,-99.18921666666668,50.1,105.9334593434344,-55.83345934343439,55.83345934343439
402421099112000,40.40549166666666,-99.18921666666668,53.99,105.9334593434344,-51.94345934343439,51.94345934343439
402421099112000,40.40549166666666,-99.18921666666668,51.56,105.862411607143,-54.302411607143,54.302411607143
402421099112000,40.40549166666666,-99.18921666666668,54.35,105.862411607143,-51.512411607143,51.512411607143
402421099112000,40.40549166666666,-99.18921666666668,52.28,104.98712361111122,-52.707123611111214,52.707123611111214
402421099112000,40.40549166666666,-99.18921666666668,55.55,107.1804546130954,-51.63045461309541,51.63045461309541
402421099112000,40.40549166666666,-99.18921666666668,60.17,107.1804546130954,-47.010454613095405,47.010454613095405
402421099112000,40.40549166666666,-99.18921666666668,57.85,107.62427976190467,-49.77427976190469,49.77427976190469
402421099112000,40.40549166666666,-99.18921666666668,59.06,108.530661666667,-49.470661666667,49.470661666667
402421099112000,40.40549166666666,-99.18921666666668,59.88,109.69412949404756,-49.81412949404757,49.81412949404757
402421099112000,40.40549166666666,-99.18921666666668,61.82,109.69412949404756,-47.87412949404757,47.87412949404757
402421099112000,40.40549166666666,-99.18921666666668,60.04,109.37384113095256,-49.33384113095257,49.33384113095257
402421099112000,40.40549166666666,-99.18921666666668,60.49,109.37384113095256,-48.88384113095257,48.88384113095257
402421099112000,40.40549166666666,-99.18921666666668,57.89,108.7428120833332,-50.852812083333205,50.852812083333205
402532099235801,40.42582814,-99.40068743,121.35,100.17804839285708,21.171951607142915,21.171951607142915
402532099235801,40.42582814,-99.40068743,120.1,102.58534870039682,17.514651299603173,17.514651299603173
402532099235801,40.42582814,-99.40068743,118.7,101.94054904761916,16.759450952380845,16.759450952380845
402630099305500,40.44133611111111,-99.51204166666666,176.24,160.83568004960313,15.404319950396882,15.404319950396882
402630099305500,40.44133611111111,-99.51204166666666,181.49,160.83568004960313,20.65431995039688,20.65431995039688
402630099305500,40.44133611111111,-99.51204166666666,177.28,159.83757912698422,17.442420873015777,17.442420873015777
402630099305500,40.44133611111111,-99.51204166666666,180.05,159.83757912698422,20.212420873015787,20.212420873015787
402630099305500,40.44133611111111,-99.51204166666666,175.87,159.11393764880967,16.756062351190337,16.756062351190337
402630099305500,40.44133611111111,-99.51204166666666,177.97,161.6883842658732,16.281615734126802,16.281615734126802
402630099305500,40.44133611111111,-99.51204166666666,182.14,161.6883842658732,20.45161573412679,20.45161573412679
402630099305500,40.44133611111111,-99.51204166666666,178.67,162.301155357143,16.368844642857,16.368844642857
402630099305500,40.44133611111111,-99.51204166666666,183.34,161.5834988988095,21.75650110119051,21.75650110119051
402630099305500,40.44133611111111,-99.51204166666666,180.15,162.2897611607145,17.8602388392855,17.8602388392855
402630099305500,40.44133611111111,-99.51204166666666,181.82,162.2897611607145,19.530238839285488,19.530238839285488
402630099305500,40.44133611111111,-99.51204166666666,179.58,163.15819071428572,16.42180928571429,16.42180928571429
402630099305500,40.44133611111111,-99.51204166666666,181.36,163.15819071428572,18.20180928571429,18.20180928571429
402905099115301,40.4848551,-99.1983097,27.94,24.771122916666688,3.1688770833333137,3.1688770833333137
402905099115301,40.4848551,-99.1983097,33.49,28.08478940476201,5.405210595237996,5.405210595237996
402905099115301,40.4848551,-99.1983097,33.48,27.07670797619047,6.403292023809527,6.403292023809527
402905099115301,40.4848551,-99.1983097,31.45,27.07670797619047,4.37329202380953,4.37329202380953
402905099115301,40.4848551,-99.1983097,31.54,26.80550916666666,4.734490833333339,4.734490833333339
402906099342201,40.485083333333336,-99.57288888888888,148.24,94.61171666666633,53.6282833333337,53.6282833333337
402906099342201,40.485083333333336,-99.57288888888888,152.14,94.61171666666633,57.52828333333368,57.52828333333368
402906099342201,40.485083333333336,-99.57288888888888,149.17,92.95095833333316,56.219041666666826,56.219041666666826
402906099342201,40.485083333333336,-99.57288888888888,150.41,92.95095833333316,57.45904166666684,57.45904166666684
402906099342201,40.485083333333336,-99.57288888888888,148.76,92.69339999999988,56.06660000000012,56.06660000000012
402906099342201,40.485083333333336,-99.57288888888888,150.0,93.28031874999988,56.71968125000012,56.71968125000012
402906099342201,40.485083333333336,-99.57288888888888,154.11,93.28031874999988,60.829681250000135,60.829681250000135
402906099342201,40.485083333333336,-99.57288888888888,150.75,96.56616249999992,54.18383750000008,54.18383750000008
402906099342201,40.485083333333336,-99.57288888888888,151.25,95.49655416666694,55.75344583333306,55.75344583333306
402906099342201,40.485083333333336,-99.57288888888888,152.56,98.03978779761896,54.52021220238103,54.52021220238103
402906099342201,40.485083333333336,-99.57288888888888,154.32,98.03978779761896,56.28021220238102,56.28021220238102
402906099342201,40.485083333333336,-99.57288888888888,152.06,97.77003291666684,54.28996708333317,54.28996708333317
402906099342201,40.485083333333336,-99.57288888888888,153.18,97.77003291666684,55.40996708333317,55.40996708333317
402924099235501,40.4901949,-99.398706,52.35,44.57790793650784,7.77209206349216,7.77209206349216
402924099235501,40.4901949,-99.398706,56.0,48.24824746482675,7.751752535173253,7.751752535173253
402924099235501,40.4901949,-99.398706,56.81,47.87093821428569,8.939061785714316,8.939061785714316
402924099235501,40.4901949,-99.398706,52.62,47.87093821428569,4.749061785714311,4.749061785714311
402924099235501,40.4901949,-99.398706,53.48,48.16292130952376,5.317078690476237,5.317078690476237
403138099235801,40.5255500233333,-99.399115,20.37,18.244937500000045,2.125062499999956,2.125062499999956
403138099235801,40.5255500233333,-99.399115,22.21,21.71678249999991,0.4932175000000924,0.4932175000000924
403138099235801,40.5255500233333,-99.399115,24.0,23.962137500000058,0.0378624999999424,0.0378624999999424
403138099235801,40.5255500233333,-99.399115,25.06,24.847862500000016,0.212137499999983,0.212137499999983
403138099235801,40.5255500233333,-99.399115,34.37,25.10112083333326,9.26887916666674,9.26887916666674
403138099235801,40.5255500233333,-99.399115,29.05,24.41453541666665,4.635464583333352,4.635464583333352
403138099235801,40.5255500233333,-99.399115,29.05,24.41453541666665,4.635464583333352,4.635464583333352
403138099235801,40.5255500233333,-99.399115,26.05,24.4664258333333,1.5835741666667005,1.5835741666667005
403217099312001,40.5392815,-99.5207383,97.9,93.23462291666654,4.665377083333468,4.665377083333468
403217099312001,40.5392815,-99.5207383,100.81,96.58361249999992,4.226387500000072,4.226387500000072
403217099312001,40.5392815,-99.5207383,101.02,95.49330416666696,5.526695833333051,5.526695833333051
403217099312001,40.5392815,-99.5207383,102.88,98.0350211309523,4.844978869047694,4.844978869047694
403217099312001,40.5392815,-99.5207383,102.72,97.77102041666684,4.94897958333317,4.94897958333317
403217099312001,40.5392815,-99.5207383,101.82,97.77102041666684,4.048979583333164,4.048979583333164
403217099312001,40.5392815,-99.5207383,101.2,97.79249916666636,3.407500833333657,3.407500833333657
403322099201601,40.5547811,-99.3416484,7.57,13.04048669642857,-5.470486696428569,5.470486696428569
403322099201601,40.5547811,-99.3416484,9.89,14.960688690476196,-5.070688690476194,5.070688690476194
403322099201601,40.5547811,-99.3416484,8.55,16.051086666666652,-7.501086666666652,7.501086666666652
403322099201601,40.5547811,-99.3416484,4.96,15.594129166666663,-10.634129166666664,10.634129166666664
403322099201601,40.5547811,-99.3416484,7.04,14.566437678571424,-7.526437678571425,7.526437678571425
403322099272302,40.5545803,-99.4609332,16.15,15.005273452380957,1.1447265476190438,1.1447265476190438
403322099304801,40.5542755075,-99.5122815,54.79,69.11747285714284,-14.327472857142844,14.327472857142844
403322099304801,40.5542755075,-99.5122815,57.05,72.25558160714289,-15.20558160714289,15.20558160714289
403322099304801,40.5542755075,-99.5122815,57.64,73.10778202380975,-15.467782023809749,15.467782023809749
403322099304801,40.5542755075,-99.5122815,60.39,75.29683898809539,-14.906838988095387,14.906838988095387
403322099304801,40.5542755075,-99.5122815,59.51,74.78850077380964,-15.278500773809649,15.278500773809649
403322099304801,40.5542755075,-99.5122815,59.09,74.78850077380964,-15.69850077380964,15.69850077380964
403322099304801,40.5542755075,-99.5122815,57.95,73.62550059523825,-15.675500595238248,15.675500595238248
403507099254101,40.58520714,-99.42844836,25.69,18.366446845238144,7.323553154761857,7.323553154761857
403507099254101,40.58520714,-99.42844836,23.43,17.31277779761907,6.11722220238093,6.11722220238093
403645099242701,40.61264497222222,-99.40752011111113,27.3,27.72656440476202,-0.4265644047620185,0.4265644047620185
403646099293301,40.6127772,-99.4935704,17.89,25.375887857142825,-7.485887857142824,7.485887857142824
403646099293301,40.6127772,-99.4935704,19.13,26.23022994047621,-7.100229940476215,7.100229940476215
403646099293301,40.6127772,-99.4935704,18.65,26.913042619047648,-8.26304261904765,8.26304261904765
403646099293301,40.6127772,-99.4935704,17.28,26.58037351190476,-9.30037351190476,9.30037351190476
403646099293301,40.6127772,-99.4935704,17.54,24.83938958333335,-7.299389583333351,7.299389583333351
403646099293301,40.6127772,-99.4935704,17.18,24.83938958333335,-7.6593895833333505,7.6593895833333505
403646099293301,40.6127772,-99.4935704,19.47,24.62187750000001,-5.151877500000012,5.151877500000012
403651099281401,40.613021,-99.4747929,39.4,22.202074583333275,17.197925416666724,17.197925416666724
403651099281401,40.613021,-99.4747929,40.9,25.258442202380987,15.641557797619011,15.641557797619011
403651099281401,40.613021,-99.4747929,43.93,23.91520220238093,20.01479779761907,20.01479779761907
403651099281401,40.613021,-99.4747929,40.8,22.36946922619047,18.43053077380953,18.43053077380953
403651099281401,40.613021,-99.4747929,41.11,22.36946922619047,18.740530773809528,18.740530773809528
403651099281401,40.613021,-99.4747929,38.61,21.94727749999998,16.66272250000002,16.66272250000002
403915099190801,40.6573434,-99.3214291,9.12,10.772951220238104,-1.652951220238105,1.652951220238105
403915099190801,40.6573434,-99.3214291,10.78,11.820470853174616,-1.0404708531746163,1.0404708531746163
403915099190801,40.6573434,-99.3214291,9.5,11.214519444444443,-1.7145194444444432,1.7145194444444432
403928099371801,40.655954,-99.6202609,80.55,69.59978374999993,10.950216250000068,10.950216250000068
403928099371801,40.655954,-99.6202609,81.97,73.14767488095245,8.822325119047548,8.822325119047548
403928099371801,40.655954,-99.6202609,82.24,71.23827416666668,11.00172583333331,11.00172583333331
403928099371801,40.655954,-99.6202609,83.33,71.75933101190475,11.57066898809525,11.57066898809525
403928099371801,40.655954,-99.6202609,82.33,74.24865976190466,8.081340238095336,8.081340238095336
403928099371801,40.655954,-99.6202609,82.65,74.24865976190466,8.401340238095344,8.401340238095344
403928099371801,40.655954,-99.6202609,82.57,71.52011583333311,11.049884166666883,11.049884166666883
403946099383201,40.66301611111111,-99.64228555555556,95.15,118.22750088293628,-23.077500882936263,23.077500882936263
404033099373001,40.67593911111111,-99.62515633333332,17.74,4.96342625,12.776573749999995,12.776573749999995
404040099383501,40.67796833333333,-99.64313333333334,10.97,14.28154232142861,-3.3115423214286093,3.3115423214286093
404102099373001,40.68405933333333,-99.62523716666666,11.76,15.481841607142783,-3.721841607142784,3.721841607142784
402421099112000,40.40549166666666,-99.18921666666668,53.37,105.2060401190474,-51.83604011904739,51.83604011904739
403322099254102,40.554275,-99.4303056,15.17,14.844479166666709,0.3255208333332913,0.3255208333332913
403322099254102,40.554275,-99.4303056,12.72,16.153241666666673,-3.4332416666666727,3.4332416666666727
403322099254102,40.554275,-99.4303056,18.86,18.42671874999993,0.4332812500000642,0.4332812500000642
402532099235801,40.42582814,-99.40068743,114.09,97.86299119047618,16.227008809523824,16.227008809523824
403037099111401,40.5103457694444,-99.1873426,28.58,25.143319583333344,3.436680416666654,3.436680416666654
402905099115301,40.4848551,-99.1983097,30.15,24.84447666666666,5.305523333333337,5.305523333333337
402924099235501,40.4901949,-99.398706,50.42,43.69936390873016,6.720636091269839,6.720636091269839
402821099282901,40.47215973,-99.47068872,91.88,91.0736635714285,0.8063364285714982,0.8063364285714982
403322099201601,40.5547811,-99.3416484,5.74,12.346228511904734,-6.6062285119047335,6.6062285119047335
403138099235801,40.5255500233333,-99.399115,23.25,23.18600000000014,0.0639999999998615,0.0639999999998615
403507099254101,40.58520714,-99.42844836,21.3,13.293915238095275,8.006084761904726,8.006084761904726
403322099304801,40.5542755075,-99.5122815,54.37,71.86596119047617,-17.495961190476173,17.495961190476173
403322099272302,40.5545803,-99.4609332,14.67,11.47318901785714,3.1968109821428587,3.1968109821428587
403217099312001,40.5392815,-99.5207383,96.9,100.1197024999998,-3.219702499999784,3.219702499999784
403558099371801,40.5994522,-99.622055,70.66,88.70908374999958,-18.049083749999586,18.049083749999586
403915099190801,40.6573434,-99.3214291,8.07,8.634101448412702,-0.5641014484127016,0.5641014484127016
403646099293301,40.6127772,-99.4935704,17.59,22.74815199404762,-5.158151994047621,5.158151994047621
403651099281401,40.613021,-99.4747929,34.86,19.542626418650787,15.317373581349212,15.317373581349212
403928099371801,40.655954,-99.6202609,81.33,70.09701607142858,11.232983928571414,11.232983928571414
402630099305500,40.44133611111111,-99.51204166666666,176.35,161.0429242956352,15.307075704364792,15.307075704364792
402906099342201,40.485083333333336,-99.57288888888888,149.48,100.17409833333312,49.30590166666687,49.30590166666687
403408099130501,40.56878722222223,-99.21816944444444,12.27,12.55433690476192,-0.2843369047619202,0.2843369047619202
403645099242701,40.61264497222222,-99.40752011111113,16.42,17.483661666666638,-1.0636616666666363,1.0636616666666363
403315099351501,40.554270555555554,-99.58744083333332,67.99,70.60386815476195,-2.61386815476196,2.61386815476196
403903099214301,40.650864722222224,-99.3618686111111,6.29,6.6677969642857065,-0.3777969642857064,0.3777969642857064
404033099373001,40.67593911111111,-99.62515633333332,8.25,3.621260000000023,4.628739999999977,4.628739999999977
404040099383501,40.67796833333333,-99.64313333333334,10.21,11.882340178571424,-1.6723401785714227,1.6723401785714227
404102099373001,40.68405933333333,-99.62523716666666,8.07,6.551512321428574,1.518487678571426,1.518487678571426
403946099383201,40.66301611111111,-99.64228555555556,93.79,113.60576541666664,-19.81576541666664,19.81576541666664
402340099353701,40.39445302,-99.59399869,24.62,92.54265374999991,-67.92265374999991,67.92265374999991
402524099201601,40.42334431,-99.33815365,112.01,86.69514297619051,25.31485702380949,25.31485702380949
402421099112000,40.40549166666666,-99.18921666666668,55.09,105.2060401190474,-50.11604011904738,50.11604011904738
402630099305500,40.44133611111111,-99.51204166666666,177.46,161.0429242956352,16.417075704364805,16.417075704364805
402906099342201,40.485083333333336,-99.57288888888888,149.86,100.17409833333312,49.685901666666894,49.685901666666894
403408099130501,40.56878722222223,-99.21816944444444,12.41,12.55433690476192,-0.1443369047619196,0.1443369047619196
403645099242701,40.61264497222222,-99.40752011111113,16.66,17.483661666666638,-0.8236616666666379,0.8236616666666379
403315099351501,40.554270555555554,-99.58744083333332,67.14,70.60386815476195,-3.463868154761954,3.463868154761954
403903099214301,40.650864722222224,-99.3618686111111,5.83,6.6677969642857065,-0.8377969642857064,0.8377969642857064
404033099373001,40.67593911111111,-99.62515633333332,6.32,3.621260000000023,2.6987399999999773,2.6987399999999773
404040099383501,40.67796833333333,-99.64313333333334,7.61,11.882340178571424,-4.272340178571423,4.272340178571423
404102099373001,40.68405933333333,-99.62523716666666,7.78,6.551512321428574,1.228487678571426,1.228487678571426
403946099383201,40.66301611111111,-99.64228555555556,91.95,113.60576541666664,-21.65576541666664,21.65576541666664
402421099112000,40.40549166666666,-99.18921666666668,56.39,105.40815303571456,-49.01815303571456,49.01815303571456
402421099112000,40.40549166666666,-99.18921666666668,57.92,106.31644595238082,-48.396445952380816,48.396445952380816
402532099235801,40.42582814,-99.40068743,118.93,102.5495020287352,16.380497971264802,16.380497971264802
402532099235801,40.42582814,-99.40068743,117.19,99.85554574675304,17.33445425324696,17.33445425324696
402630099305500,40.44133611111111,-99.51204166666666,180.23,161.7738169642861,18.45618303571388,18.45618303571388
402630099305500,40.44133611111111,-99.51204166666666,179.97,163.50279312500012,16.467206874999874,16.467206874999874
402905099115301,40.4848551,-99.1983097,30.68,25.168629166666715,5.5113708333332845,5.5113708333332845
402906099342201,40.485083333333336,-99.57288888888888,151.09,97.30787708333337,53.78212291666664,53.78212291666664
402906099342201,40.485083333333336,-99.57288888888888,153.1,100.22703910714256,52.87296089285742,52.87296089285742
402924099235501,40.4901949,-99.398706,52.47,47.54425201388888,4.925747986111119,4.925747986111119
402924099235501,40.4901949,-99.398706,52.53,45.4387642559523,7.091235744047701,7.091235744047701
403138099235801,40.5255500233333,-99.399115,30.11,24.452854166666665,5.657145833333335,5.657145833333335
403138099235801,40.5255500233333,-99.399115,25.88,23.863100833333384,2.016899166666615,2.016899166666615
403217099312001,40.5392815,-99.5207383,100.51,100.22908910714256,0.2809108928574346,0.2809108928574346
403217099312001,40.5392815,-99.5207383,99.99,97.29574375000004,2.6942562499999525,2.6942562499999525
403315099351501,40.554270555555554,-99.58744083333332,70.39,72.13324041666674,-1.7432404166667368,1.7432404166667368
403315099351501,40.554270555555554,-99.58744083333332,71.12,73.96825208333335,-2.8482520833333496,2.8482520833333496
403322099201601,40.5547811,-99.3416484,5.49,14.33503068452384,-8.84503068452384,8.84503068452384
403322099304801,40.5542755075,-99.5122815,58.26,73.89637425595221,-15.636374255952212,15.636374255952212
403322099304801,40.5542755075,-99.5122815,56.82,72.7575624404761,-15.937562440476093,15.937562440476093
403408099130501,40.56878722222223,-99.21816944444444,12.49,12.879927023809556,-0.3899270238095553,0.3899270238095553
403408099130501,40.56878722222223,-99.21816944444444,13.71,15.380270535714304,-1.6702705357143015,1.6702705357143015
403507099254101,40.58520714,-99.42844836,23.56,15.74077074404762,7.819229255952379,7.819229255952379
403507099254101,40.58520714,-99.42844836,20.95,12.686990000000026,8.263009999999973,8.263009999999973
403645099242701,40.61264497222222,-99.40752011111113,17.99,18.624418630952317,-0.6344186309523145,0.6344186309523145
403645099242701,40.61264497222222,-99.40752011111113,19.92,20.975644494047643,-1.055644494047641,1.055644494047641
403646099293301,40.6127772,-99.4935704,18.24,24.99292981150797,-6.752929811507972,6.752929811507972
403646099293301,40.6127772,-99.4935704,15.9,23.58891565476189,-7.688915654761891,7.688915654761891
403651099281401,40.613021,-99.4747929,40.3,21.873292673160183,18.42670732683981,18.42670732683981
403651099281401,40.613021,-99.4747929,37.32,20.024551964285653,17.295448035714347,17.295448035714347
403903099214301,40.650864722222224,-99.3618686111111,6.39,6.669647916666657,-0.279647916666657,0.279647916666657
403903099214301,40.650864722222224,-99.3618686111111,7.84,8.576856666666675,-0.7368566666666752,0.7368566666666752
403915099190801,40.6573434,-99.3214291,9.0,10.5042835515873,-1.5042835515872994,1.5042835515872994
403915099190801,40.6573434,-99.3214291,7.71,8.808525575396834,-1.0985255753968337,1.0985255753968337
403928099371801,40.655954,-99.6202609,82.97,72.982375,9.987624999999994,9.987624999999994
403928099371801,40.655954,-99.6202609,81.55,71.28239250000004,10.267607499999954,10.267607499999954
403946099383201,40.66301611111111,-99.64228555555556,94.84,115.59010291666644,-20.750102916666435,20.750102916666435
403946099383201,40.66301611111111,-99.64228555555556,95.06,117.974465,-22.914464999999996,22.914464999999996
404033099373001,40.67593911111111,-99.62515633333332,8.29,3.516172499999996,4.773827500000003,4.773827500000003
404033099373001,40.67593911111111,-99.62515633333332,8.19,4.892930833333351,3.297069166666648,3.297069166666648
404040099383501,40.67796833333333,-99.64313333333334,10.16,12.38369208333331,-2.22369208333331,2.22369208333331
404040099383501,40.67796833333333,-99.64313333333334,9.68,13.65612083333334,-3.97612083333334,3.97612083333334
404102099373001,40.68405933333333,-99.62523716666666,8.85,8.788980416666648,0.0610195833333513,0.0610195833333513
404102099373001,40.68405933333333,-99.62523716666666,7.63,8.247401944444407,-0.6174019444444072,0.6174019444444072
402821099282901,40.47215973,-99.47068872,97.79,93.89257086309536,3.897429136904634,3.897429136904634
403322099272302,40.5545803,-99.4609332,16.21,14.23366198412697,1.976338015873031,1.976338015873031
402821099282901,40.47215973,-99.47068872,94.24,92.73300464285744,1.506995357142543,1.506995357142543
403322099272302,40.5545803,-99.4609332,13.78,12.181514583333358,1.598485416666641,1.598485416666641
403558099371801,40.5994522,-99.622055,70.77,89.32004749999963,-18.55004749999964,18.55004749999964
402340099353701,40.39445302,-99.59399869,24.61,93.54005309523797,-68.93005309523797,68.93005309523797
402524099201601,40.42334431,-99.33815365,114.02,88.18765247294354,25.832347527056456,25.832347527056456
403322099201601,40.5547811,-99.3416484,2.69,12.717748214285711,-10.027748214285712,10.027748214285712
403903099214301,40.650864722222224,-99.3618686111111,5.46,7.059363750000034,-1.599363750000034,1.599363750000034
404033099373001,40.67593911111111,-99.62515633333332,7.2,4.928309583333317,2.271690416666683,2.271690416666683
404040099383501,40.67796833333333,-99.64313333333334,9.06,13.935845833333287,-4.875845833333287,4.875845833333287
404102099373001,40.68405933333333,-99.62523716666666,9.73,7.686199583333302,2.0438004166666985,2.0438004166666985
403408099130501,40.56878722222223,-99.21816944444444,12.03,12.922381250000056,-0.8923812500000565,0.8923812500000565
403645099242701,40.61264497222222,-99.40752011111113,17.41,18.63839000000005,-1.2283900000000507,1.2283900000000507
402421099112000,40.40549166666666,-99.18921666666668,53.4,104.41310694444472,-51.013106944444736,51.013106944444736
403315099351501,40.554270555555554,-99.58744083333332,66.68,70.2990650000002,-3.619065000000191,3.619065000000191
403946099383201,40.66301611111111,-99.64228555555556,92.27,112.53789208333332,-20.267892083333336,20.267892083333336
403322099272302,40.5545803,-99.4609332,10.5,12.522850416666673,-2.0228504166666728,2.0228504166666728
402906099342201,40.485083333333336,-99.57288888888888,147.63,94.28654749999988,53.34345250000011,53.34345250000011
402630099305500,40.44133611111111,-99.51204166666666,174.62,159.18572577380974,15.434274226190269,15.434274226190269
402340099353701,40.39445302,-99.59399869,24.35,92.4595667857145,-68.10956678571449,68.10956678571449
402524099201601,40.42334431,-99.33815365,110.51,86.54858779761922,23.961412202380785,23.961412202380785
403646099293301,40.6127772,-99.4935704,17.01,24.807278750000005,-7.797278750000004,7.797278750000004
403507099254101,40.58520714,-99.42844836,18.81,13.236419166666703,5.573580833333296,5.573580833333296
403138099235801,40.5255500233333,-99.399115,21.05,20.368275000000075,0.6817249999999255,0.6817249999999255
403037099111401,40.5103457694444,-99.1873426,27.52,26.870432380952384,0.6495676190476161,0.6495676190476161
402905099115301,40.4848551,-99.1983097,29.54,26.330014087301578,3.2099859126984214,3.2099859126984214
403651099281401,40.613021,-99.4747929,35.68,21.20709619047624,14.472903809523764,14.472903809523764
403037099111401,40.5103457694444,-99.1873426,32.0,26.870432380952384,5.1295676190476165,5.1295676190476165
402905099115301,40.4848551,-99.1983097,36.0,26.330014087301578,9.669985912698422,9.669985912698422
402924099235501,40.4901949,-99.398706,55.52,42.78469866071429,12.735301339285712,12.735301339285712
402821099282901,40.47215973,-99.47068872,94.39,91.5649419047618,2.825058095238205,2.825058095238205
403322099201601,40.5547811,-99.3416484,7.05,12.717748214285711,-5.667748214285711,5.667748214285711
403138099235801,40.5255500233333,-99.399115,31.44,20.368275000000075,11.071724999999926,11.071724999999926
403507099254101,40.58520714,-99.42844836,23.82,13.236419166666703,10.583580833333295,10.583580833333295
403322099304801,40.5542755075,-99.5122815,57.8,68.58859119047597,-10.78859119047597,10.78859119047597
403322099272302,40.5545803,-99.4609332,20.01,12.522850416666673,7.487149583333329,7.487149583333329
403217099312001,40.5392815,-99.5207383,100.76,94.27145999999988,6.488540000000114,6.488540000000114
403558099371801,40.5994522,-99.622055,72.6,88.18886452380964,-15.588864523809647,15.588864523809647
403915099190801,40.6573434,-99.3214291,10.5,8.46857553571431,2.0314244642856902,2.0314244642856902
403646099293301,40.6127772,-99.4935704,18.67,24.807278750000005,-6.137278750000004,6.137278750000004
403651099281401,40.613021,-99.4747929,43.65,21.20709619047624,22.442903809523763,22.442903809523763
403928099371801,40.655954,-99.6202609,84.44,69.13611041666692,15.303889583333074,15.303889583333074
402924099235501,40.4901949,-99.398706,48.31,42.78469866071429,5.525301339285711,5.525301339285711
403322099304801,40.5542755075,-99.5122815,52.42,68.58859119047597,-16.168591190475965,16.168591190475965
403558099371801,40.5994522,-99.622055,71.13,88.18886452380964,-17.058864523809646,17.058864523809646
403928099371801,40.655954,-99.6202609,80.25,69.13611041666692,11.113889583333076,11.113889583333076
402821099282901,40.47215973,-99.47068872,88.91,91.5649419047618,-2.654941904761799,2.654941904761799
403217099312001,40.5392815,-99.5207383,95.01,94.27145999999988,0.7385400000001141,0.7385400000001141
402905099115301,40.4848551,-99.1983097,33.67,27.527104166666764,6.142895833333238,6.142895833333238
402924099235501,40.4901949,-99.398706,52.61,47.95081107142858,4.659188928571417,4.659188928571417
403037099111401,40.5103457694444,-99.1873426,31.33,27.964083750000015,3.36591624999998,3.36591624999998
403138099235801,40.5255500233333,-99.399115,25.23,24.484075000000026,0.7459249999999749,0.7459249999999749
403217099312001,40.5392815,-99.5207383,96.78,96.44366541666663,0.3363345833333682,0.3363345833333682
403322099201601,40.5547811,-99.3416484,7.62,13.037987232142898,-5.417987232142898,5.417987232142898
403322099304801,40.5542755075,-99.5122815,54.61,70.26939785714302,-15.65939785714302,15.65939785714302
403507099254101,40.58520714,-99.42844836,24.86,16.08645624999998,8.77354375000002,8.77354375000002
403646099293301,40.6127772,-99.4935704,21.02,25.314172083333336,-4.294172083333336,4.294172083333336
403651099281401,40.613021,-99.4747929,38.8,22.510146249999934,16.28985375000006,16.28985375000006
403915099190801,40.6573434,-99.3214291,9.73,11.508085357142832,-1.7780853571428317,1.7780853571428317
403928099371801,40.655954,-99.6202609,80.95,73.6335620833333,7.3164379166667,7.3164379166667
403322099272302,40.5545803,-99.4609332,17.07,14.136026547619018,2.9339734523809824,2.9339734523809824
404033099373001,40.67593911111111,-99.62515633333332,7.96,6.017242499999981,1.9427575000000183,1.9427575000000183
404040099383501,40.67796833333333,-99.64313333333334,9.47,14.649869166666608,-5.179869166666608,5.179869166666608
404102099373001,40.68405933333333,-99.62523716666666,9.55,7.601829583333309,1.948170416666692,1.948170416666692
403946099383201,40.66301611111111,-99.64228555555556,93.49,116.03319041666684,-22.54319041666685,22.54319041666685
403408099130501,40.56878722222223,-99.21816944444444,15.16,15.77807619047618,-0.6180761904761791,0.6180761904761791
403645099242701,40.61264497222222,-99.40752011111113,20.13,21.31721750000003,-1.1872175000000311,1.1872175000000311
403315099351501,40.554270555555554,-99.58744083333332,68.8,75.61220541666665,-6.812205416666657,6.812205416666657
403903099214301,40.650864722222224,-99.3618686111111,8.16,8.728633333333356,-0.5686333333333558,0.5686333333333558
402421099112000,40.40549166666666,-99.18921666666668,56.66,106.64946398809532,-49.98946398809532,49.98946398809532
402630099305500,40.44133611111111,-99.51204166666666,176.04,161.78267571428566,14.257324285714333,14.257324285714333
402906099342201,40.485083333333336,-99.57288888888888,149.36,96.44239041666664,52.91760958333337,52.91760958333337
402340099353701,40.39445302,-99.59399869,24.7,94.20441976190467,-69.50441976190469,69.50441976190469
402524099201601,40.42334431,-99.33815365,113.48,88.14382250000013,25.33617749999988,25.33617749999988
402905099115301,40.4848551,-99.1983097,36.8,30.358541666666625,6.441458333333372,6.441458333333372
402924099235501,40.4901949,-99.398706,53.7,49.48526546085853,4.214734539141475,4.214734539141475
403037099111401,40.5103457694444,-99.1873426,35.2,29.9959816666666,5.204018333333401,5.204018333333401
403138099235801,40.5255500233333,-99.399115,29.38,26.82112499999991,2.5588750000000893,2.5588750000000893
403217099312001,40.5392815,-99.5207383,103.35,96.4656862499999,6.884313750000089,6.884313750000089
403322099201601,40.5547811,-99.3416484,10.03,15.53087604166666,-5.500876041666661,5.500876041666661
403322099304801,40.5542755075,-99.5122815,60.63,73.83648160714262,-13.206481607142614,13.206481607142614
403646099293301,40.6127772,-99.4935704,21.05,25.903760496031715,-4.853760496031715,4.853760496031715
403651099281401,40.613021,-99.4747929,42.85,23.85584085317462,18.994159146825385,18.994159146825385
403915099190801,40.6573434,-99.3214291,10.36,13.36949554563493,-3.0094955456349304,3.0094955456349304
403928099371801,40.655954,-99.6202609,82.71,73.89979791666661,8.81020208333338,8.81020208333338
402905099115301,40.4848551,-99.1983097,36.25,29.241640000000064,7.008359999999936,7.008359999999936
402924099235501,40.4901949,-99.398706,53.47,47.81704791666661,5.652952083333389,5.652952083333389
403037099111401,40.5103457694444,-99.1873426,34.54,29.175171249999995,5.3648287500000045,5.3648287500000045
403138099235801,40.5255500233333,-99.399115,27.8,25.57813000000012,2.221869999999882,2.221869999999882
403217099312001,40.5392815,-99.5207383,101.62,96.20306041666672,5.4169395833332885,5.4169395833332885
403322099201601,40.5547811,-99.3416484,8.4,14.770094880952344,-6.370094880952344,6.370094880952344
403322099304801,40.5542755075,-99.5122815,58.73,72.91824744047625,-14.188247440476252,14.188247440476252
403646099293301,40.6127772,-99.4935704,22.4,26.542911249999992,-4.142911249999994,4.142911249999994
403651099281401,40.613021,-99.4747929,42.28,24.195722083333337,18.084277916666665,18.084277916666665
403915099190801,40.6573434,-99.3214291,10.0,11.876614583333373,-1.876614583333371,1.876614583333371
403928099371801,40.655954,-99.6202609,83.42,71.83450041666649,11.585499583333515,11.585499583333515
403322099272302,40.5545803,-99.4609332,19.87,15.007012619047616,4.8629873809523865,4.8629873809523865
402421099112000,40.40549166666666,-99.18921666666668,59.66,107.79439291666678,-48.13439291666678,48.13439291666678
403315099351501,40.554270555555554,-99.58744083333332,71.32,73.19179041666642,-1.8717904166664283,1.8717904166664283
403946099383201,40.66301611111111,-99.64228555555556,95.53,115.43602749999992,-19.90602749999992,19.90602749999992
402906099342201,40.485083333333336,-99.57288888888888,150.75,96.20308541666672,54.54691458333329,54.54691458333329
402630099305500,40.44133611111111,-99.51204166666666,177.92,162.3445937499999,15.5754062500001,15.5754062500001
404033099373001,40.67593911111111,-99.62515633333332,8.8,6.314587499999988,2.485412500000013,2.485412500000013
403903099214301,40.650864722222224,-99.3618686111111,8.94,8.75048458333339,0.1895154166666088,0.1895154166666088
404102099373001,40.68405933333333,-99.62523716666666,9.52,8.74991833333335,0.7700816666666501,0.7700816666666501
404040099383501,40.67796833333333,-99.64313333333334,10.47,14.36761083333332,-3.897610833333321,3.897610833333321
403408099130501,40.56878722222223,-99.21816944444444,16.69,16.495929880952456,0.1940701190475451,0.1940701190475451
403645099242701,40.61264497222222,-99.40752011111113,22.85,23.56867083333329,-0.7186708333332881,0.7186708333332881
402421099112000,40.40549166666666,-99.18921666666668,59.27,109.01413434523808,-49.74413434523807,49.74413434523807
402630099305500,40.44133611111111,-99.51204166666666,177.68,163.96670479978337,13.713295200216637,13.713295200216637
402906099342201,40.485083333333336,-99.57288888888888,151.61,96.47813624999988,55.13186375000012,55.13186375000012
403408099130501,40.56878722222223,-99.21816944444444,17.01,18.505901428571352,-1.4959014285713508,1.4959014285713508
403645099242701,40.61264497222222,-99.40752011111113,23.88,25.35245202380954,-1.4724520238095415,1.4724520238095415
403315099351501,40.554270555555554,-99.58744083333332,72.93,75.59179499999999,-2.661794999999984,2.661794999999984
403903099214301,40.650864722222224,-99.3618686111111,9.48,10.14940672619046,-0.669406726190461,0.669406726190461
404033099373001,40.67593911111111,-99.62515633333332,8.06,5.272912500000014,2.787087499999987,2.787087499999987
404040099383501,40.67796833333333,-99.64313333333334,9.64,12.638094047619004,-2.998094047619004,2.998094047619004
404102099373001,40.68405933333333,-99.62523716666666,8.87,7.285564166666639,1.5844358333333597,1.5844358333333597
403946099383201,40.66301611111111,-99.64228555555556,94.93,116.68392180555551,-21.753921805555507,21.753921805555507
402340099353701,40.39445302,-99.59399869,24.81,97.3883116666668,-72.57831166666679,72.57831166666679
402524099201601,40.42334431,-99.33815365,121.51,91.46158201388876,30.048417986111247,30.048417986111247
403408099130501,40.56878722222223,-99.21816944444444,19.59,19.553022857142963,0.0369771428570366,0.0369771428570366
403645099242701,40.61264497222222,-99.40752011111113,25.53,25.26151666666677,0.2684833333332292,0.2684833333332292
403915099190801,40.6573434,-99.3214291,9.58,12.739928095238108,-3.159928095238108,3.159928095238108
403322099201601,40.5547811,-99.3416484,10.25,15.986656875000008,-5.736656875000008,5.736656875000008
403646099293301,40.6127772,-99.4935704,20.07,26.37075125000004,-6.30075125000004,6.30075125000004
403138099235801,40.5255500233333,-99.399115,28.82,26.42044999999989,2.3995500000001115,2.3995500000001115
403037099111401,40.5103457694444,-99.1873426,35.97,30.33365041666661,5.636349583333384,5.636349583333384
402905099115301,40.4848551,-99.1983097,37.68,30.462531547619065,7.217468452380935,7.217468452380935
403651099281401,40.613021,-99.4747929,41.21,23.78646375000004,17.42353624999996,17.42353624999996
402924099235501,40.4901949,-99.398706,53.82,50.25659396825394,3.5634060317460623,3.5634060317460623
403322099304801,40.5542755075,-99.5122815,61.41,74.18561744047611,-12.775617440476111,12.775617440476111
403928099371801,40.655954,-99.6202609,82.33,74.11022339285674,8.21977660714326,8.21977660714326
404102099373001,40.68405933333333,-99.62523716666666,8.13,7.285564166666639,0.8444358333333613,0.8444358333333613
404033099373001,40.67593911111111,-99.62515633333332,8.27,5.272912500000014,2.997087499999986,2.997087499999986
404040099383501,40.67796833333333,-99.64313333333334,9.51,12.638094047619004,-3.1280940476190047,3.1280940476190047
403903099214301,40.650864722222224,-99.3618686111111,10.94,10.14940672619046,0.790593273809538,0.790593273809538
402340099353701,40.39445302,-99.59399869,24.7,98.13652142857116,-73.43652142857117,73.43652142857117
402524099201601,40.42334431,-99.33815365,117.9,92.2213738392856,25.678626160714416,25.678626160714416
403217099312001,40.5392815,-99.5207383,104.2,95.82897708333331,8.37102291666669,8.37102291666669
404033099373001,40.67593911111111,-99.62515633333332,7.04,4.9421458333333455,2.0978541666666546,2.0978541666666546
403903099214301,40.650864722222224,-99.3618686111111,9.39,9.049121964285693,0.3408780357143079,0.3408780357143079
404040099383501,40.67796833333333,-99.64313333333334,10.02,13.996554166666709,-3.976554166666709,3.976554166666709
404102099373001,40.68405933333333,-99.62523716666666,10.17,7.590065833333293,2.579934166666707,2.579934166666707
403315099351501,40.554270555555554,-99.58744083333332,76.55,75.9905608928566,0.5594391071433904,0.5594391071433904
403946099383201,40.66301611111111,-99.64228555555556,97.18,117.04316464285706,-19.863164642857058,19.863164642857058
403408099130501,40.56878722222223,-99.21816944444444,19.08,18.505901428571352,0.574098571428646,0.574098571428646
403645099242701,40.61264497222222,-99.40752011111113,26.11,25.35245202380954,0.7575479761904589,0.7575479761904589
402421099112000,40.40549166666666,-99.18921666666668,63.68,109.01413434523808,-45.33413434523808,45.33413434523808
403315099351501,40.554270555555554,-99.58744083333332,75.04,75.59179499999999,-0.5517949999999843,0.5517949999999843
403946099383201,40.66301611111111,-99.64228555555556,95.76,116.68392180555551,-20.92392180555551,20.92392180555551
402906099342201,40.485083333333336,-99.57288888888888,154.79,96.47813624999988,58.3118637500001,58.3118637500001
402630099305500,40.44133611111111,-99.51204166666666,180.42,163.96670479978337,16.453295200216616,16.453295200216616
403322099272302,40.5545803,-99.4609332,19.56,14.641092083333367,4.918907916666631,4.918907916666631
402906099342201,40.485083333333336,-99.57288888888888,152.3,95.85237708333332,56.44762291666669,56.44762291666669
402630099305500,40.44133611111111,-99.51204166666666,177.79,163.3067318452383,14.483268154761705,14.483268154761705
402421099112000,40.40549166666666,-99.18921666666668,61.13,109.58564999999982,-48.45564999999981,48.45564999999981
402630099305500,40.44133611111111,-99.51204166666666,178.74,163.7373410119043,15.002658988095703,15.002658988095703
404040099383501,40.67796833333333,-99.64313333333334,12.2,13.787813333333377,-1.5878133333333777,1.5878133333333777
403946099383201,40.66301611111111,-99.64228555555556,98.06,118.01227117063452,-19.95227117063453,19.95227117063453
404033099373001,40.67593911111111,-99.62515633333332,9.65,4.883000000000017,4.766999999999984,4.766999999999984
404102099373001,40.68405933333333,-99.62523716666666,10.31,8.231080476190447,2.078919523809553,2.078919523809553
403408099130501,40.56878722222223,-99.21816944444444,20.61,20.079519880952464,0.5304801190475352,0.5304801190475352
402421099112000,40.40549166666666,-99.18921666666668,62.46,110.07609666666708,-47.61609666666707,47.61609666666707
402906099342201,40.485083333333336,-99.57288888888888,153.65,100.21793541666692,53.43206458333307,53.43206458333307
403645099242701,40.61264497222222,-99.40752011111113,25.27,24.918140416666738,0.3518595833332618,0.3518595833332618
403903099214301,40.650864722222224,-99.3618686111111,12.37,10.483620000000046,1.8863799999999529,1.8863799999999529
403315099351501,40.554270555555554,-99.58744083333332,76.49,76.80878339285746,-0.318783392857469,0.318783392857469
402905099115301,40.4848551,-99.1983097,38.21,30.35804833333339,7.851951666666611,7.851951666666611
402924099235501,40.4901949,-99.398706,55.56,50.20306839285695,5.3569316071430535,5.3569316071430535
403037099111401,40.5103457694444,-99.1873426,36.11,30.434543750000067,5.675456249999932,5.675456249999932
403138099235801,40.5255500233333,-99.399115,29.19,26.41748750000012,2.772512499999884,2.772512499999884
403217099312001,40.5392815,-99.5207383,109.52,100.21278541666692,9.307214583333064,9.307214583333064
403322099201601,40.5547811,-99.3416484,10.04,16.554821250000003,-6.514821250000004,6.514821250000004
403322099304801,40.5542755075,-99.5122815,61.29,75.14491535714302,-13.85491535714302,13.85491535714302
403646099293301,40.6127772,-99.4935704,21.4,26.26530083333335,-4.86530083333335,4.86530083333335
403651099281401,40.613021,-99.4747929,40.6,23.77857017857147,16.82142982142853,16.82142982142853
403915099190801,40.6573434,-99.3214291,11.38,14.482598392857152,-3.102598392857152,3.102598392857152
403322099272302,40.5545803,-99.4609332,21.12,14.472032499999994,6.647967500000007,6.647967500000007
402340099353701,40.39445302,-99.59399869,24.79,98.88114577380946,-74.09114577380947,74.09114577380947
402524099201601,40.42334431,-99.33815365,119.08,93.33687017857132,25.743129821428667,25.743129821428667
403037099111401,40.5103457694444,-99.1873426,35.91,29.494078333333317,6.415921666666684,6.415921666666684
402905099115301,40.4848551,-99.1983097,37.58,29.594297916666648,7.985702083333351,7.985702083333351
402924099235501,40.4901949,-99.398706,56.18,49.51567351190482,6.664326488095178,6.664326488095178
402821099282901,40.47215973,-99.47068872,96.65,92.50401104166686,4.145988958333149,4.145988958333149
403322099201601,40.5547811,-99.3416484,12.2,16.492043571428542,-4.292043571428543,4.292043571428543
403138099235801,40.5255500233333,-99.399115,29.39,26.19100833333344,3.198991666666565,3.198991666666565
403322099304801,40.5542755075,-99.5122815,61.24,74.22649172619032,-12.986491726190316,12.986491726190316
403322099272302,40.5545803,-99.4609332,20.81,16.099377083333337,4.7106229166666616,4.7106229166666616
403217099312001,40.5392815,-99.5207383,103.41,100.66603994047571,2.743960059524284,2.743960059524284
403558099371801,40.5994522,-99.622055,70.63,91.9152340476188,-21.2852340476188,21.2852340476188
403915099190801,40.6573434,-99.3214291,10.4,13.962667857142884,-3.562667857142884,3.562667857142884
403646099293301,40.6127772,-99.4935704,21.73,26.121545714285727,-4.391545714285726,4.391545714285726
403651099281401,40.613021,-99.4747929,41.14,23.827547142857107,17.312452857142894,17.312452857142894
403928099371801,40.655954,-99.6202609,82.58,73.73058958333333,8.849410416666672,8.849410416666672
402340099353701,40.39445302,-99.59399869,24.75,98.4276685119047,-73.6776685119047,73.6776685119047
402524099201601,40.42334431,-99.33815365,118.11,92.50381527777768,25.60618472222231,25.60618472222231
402421099112000,40.40549166666666,-99.18921666666668,61.61,109.71356476190476,-48.10356476190477,48.10356476190477
402630099305500,40.44133611111111,-99.51204166666666,178.68,163.44630589285697,15.233694107143036,15.233694107143036
402906099342201,40.485083333333336,-99.57288888888888,152.69,100.7229274404757,51.9670725595243,51.9670725595243
403408099130501,40.56878722222223,-99.21816944444444,20.26,19.640591825396893,0.6194081746031088,0.6194081746031088
403645099242701,40.61264497222222,-99.40752011111113,25.91,24.99407666666662,0.9159233333333816,0.9159233333333816
403315099351501,40.554270555555554,-99.58744083333332,76.7,75.24803125000005,1.4519687499999492,1.4519687499999492
403903099214301,40.650864722222224,-99.3618686111111,12.45,10.078774999999942,2.3712250000000576,2.3712250000000576
404040099383501,40.67796833333333,-99.64313333333334,12.87,13.472793154761892,-0.6027931547618923,0.6027931547618923
404033099373001,40.67593911111111,-99.62515633333332,10.17,5.549616666666696,4.620383333333304,4.620383333333304
404102099373001,40.68405933333333,-99.62523716666666,10.44,8.394082500000025,2.045917499999975,2.045917499999975
403946099383201,40.66301611111111,-99.64228555555556,98.54,116.51089770833286,-17.970897708332856,17.970897708332856
402340099353701,40.39445302,-99.59399869,24.11,98.11941845238132,-74.00941845238131,74.00941845238131
402524099201601,40.42334431,-99.33815365,124.9,91.23401708333364,33.665982916666366,33.665982916666366
402905099115301,40.4848551,-99.1983097,35.14,28.41464696428576,6.725353035714242,6.725353035714242
402924099235501,40.4901949,-99.398706,55.86,47.99861922619042,7.861380773809579,7.861380773809579
403037099111401,40.5103457694444,-99.1873426,33.12,28.28333375,4.836666249999997,4.836666249999997
403138099235801,40.5255500233333,-99.399115,27.95,23.86274583333336,4.087254166666643,4.087254166666643
403217099312001,40.5392815,-99.5207383,104.2,101.14715833333288,3.0528416666671347,3.0528416666671347
403322099201601,40.5547811,-99.3416484,1.72,15.502488273809492,-13.782488273809491,13.782488273809491
403322099272302,40.5545803,-99.4609332,16.68,13.719341388888902,2.960658611111098,2.960658611111098
403322099304801,40.5542755075,-99.5122815,60.29,74.62108973214299,-14.331089732142992,14.331089732142992
403646099293301,40.6127772,-99.4935704,16.4,24.85532041666667,-8.455320416666673,8.455320416666673
403651099281401,40.613021,-99.4747929,38.43,21.798913511904725,16.631086488095274,16.631086488095274
403915099190801,40.6573434,-99.3214291,8.1,12.05106017857144,-3.95106017857144,3.95106017857144
403928099371801,40.655954,-99.6202609,82.08,74.18952708333306,7.890472916666937,7.890472916666937
402421099112000,40.40549166666666,-99.18921666666668,61.24,110.72136571428614,-49.481365714286135,49.481365714286135
402906099342201,40.485083333333336,-99.57288888888888,150.65,101.15155833333289,49.498441666667134,49.498441666667134
403408099130501,40.56878722222223,-99.21816944444444,18.67,18.000387083333326,0.6696129166666758,0.6696129166666758
403645099242701,40.61264497222222,-99.40752011111113,23.68,22.968102083333378,0.7118979166666222,0.7118979166666222
403315099351501,40.554270555555554,-99.58744083333332,75.05,75.4643229166663,-0.4143229166663076,0.4143229166663076
403903099214301,40.650864722222224,-99.3618686111111,9.87,9.338016666666682,0.5319833333333168,0.5319833333333168
404033099373001,40.67593911111111,-99.62515633333332,9.2,3.9323358333333487,5.26766416666665,5.26766416666665
404040099383501,40.67796833333333,-99.64313333333334,11.92,14.353374404761972,-2.433374404761972,2.433374404761972
404102099373001,40.68405933333333,-99.62523716666666,10.67,8.505549999999982,2.164450000000018,2.164450000000018
403946099383201,40.66301611111111,-99.64228555555556,97.82,117.28127003184272,-19.46127003184273,19.46127003184273
403322099254102,40.554275,-99.4303056,16.84,18.796103333333274,-1.9561033333332745,1.9561033333332745
403322099254102,40.554275,-99.4303056,16.08,18.796103333333274,-2.716103333333276,2.716103333333276
403322099254102,40.554275,-99.4303056,15.72,16.902797083333365,-1.182797083333364,1.182797083333364
403322099254102,40.554275,-99.4303056,15.54,16.902797083333365,-1.3627970833333656,1.3627970833333656
403322099254102,40.554275,-99.4303056,14.18,14.202300000000037,-0.0223000000000368,0.0223000000000368
403322099254102,40.554275,-99.4303056,13.07,14.202300000000037,-1.1323000000000365,1.1323000000000365
403322099254102,40.554275,-99.4303056,15.02,14.41719416666674,0.6028058333332602,0.6028058333332602
403322099254102,40.554275,-99.4303056,10.15,14.41719416666674,-4.267194166666739,4.267194166666739
403138099235801,40.5255500233333,-99.399115,23.8,24.048759166666688,-0.2487591666666873,0.2487591666666873
403322099201601,40.5547811,-99.3416484,2.85,12.846400238095253,-9.996400238095251,9.996400238095251
403915099190801,40.6573434,-99.3214291,7.6,10.177375714285729,-2.5773757142857274,2.5773757142857274
403217099312001,40.5392815,-99.5207383,98.2,96.32737083333348,1.872629166666528,1.872629166666528
403322099304801,40.5542755075,-99.5122815,55.59,70.1645082738096,-14.5745082738096,14.5745082738096
403646099293301,40.6127772,-99.4935704,17.4,25.30964124999993,-7.909641249999936,7.909641249999936
403928099371801,40.655954,-99.6202609,81.18,71.51948333333367,9.66051666666634,9.66051666666634
402421099112000,40.40549166666666,-99.18921666666668,57.35,107.98067583333372,-50.63067583333372,50.63067583333372
402630099305500,40.44133611111111,-99.51204166666666,174.8,160.60829922619024,14.191700773809773,14.191700773809773
402906099342201,40.485083333333336,-99.57288888888888,148.1,96.32734583333348,51.77265416666651,51.77265416666651
403315099351501,40.554270555555554,-99.58744083333332,71.15,73.32831666666708,-2.1783166666670724,2.1783166666670724
403408099130501,40.56878722222223,-99.21816944444444,14.49,15.023648749999971,-0.5336487499999727,0.5336487499999727
403645099242701,40.61264497222222,-99.40752011111113,19.23,20.896391666666712,-1.666391666666712,1.666391666666712
403903099214301,40.650864722222224,-99.3618686111111,7.96,8.12343166666665,-0.1634316666666508,0.1634316666666508
403946099383201,40.66301611111111,-99.64228555555556,96.57,115.0614988095242,-18.4914988095242,18.4914988095242
404033099373001,40.67593911111111,-99.62515633333332,9.38,5.349330000000005,4.030669999999996,4.030669999999996
404040099383501,40.67796833333333,-99.64313333333334,11.98,14.69413000000007,-2.71413000000007,2.71413000000007
404102099373001,40.68405933333333,-99.62523716666666,10.55,8.615412500000026,1.9345874999999744,1.9345874999999744
403322099201601,40.5547811,-99.3416484,4.18,13.034349523809524,-8.854349523809525,8.854349523809525
403915099190801,40.6573434,-99.3214291,8.2,8.804464702380962,-0.6044647023809624,0.6044647023809624
403646099293301,40.6127772,-99.4935704,16.75,23.641026309523745,-6.891026309523745,6.891026309523745
403138099235801,40.5255500233333,-99.399115,27.0,22.25835000000006,4.74164999999994,4.74164999999994
403037099111401,40.5103457694444,-99.1873426,32.72,26.816391666666668,5.903608333333331,5.903608333333331
402905099115301,40.4848551,-99.1983097,34.3,27.78512166666664,6.51487833333336,6.51487833333336
403651099281401,40.613021,-99.4747929,38.0,20.517676309523736,17.482323690476264,17.482323690476264
402924099235501,40.4901949,-99.398706,51.85,43.92661218253965,7.923387817460352,7.923387817460352
403322099304801,40.5542755075,-99.5122815,56.04,71.38652202380952,-15.34652202380952,15.34652202380952
403928099371801,40.655954,-99.6202609,83.21,69.92146047619036,13.288539523809632,13.288539523809632
403217099312001,40.5392815,-99.5207383,97.4,97.531835416667,-0.1318354166669877,0.1318354166669877
404040099383501,40.67796833333333,-99.64313333333334,7.86,11.720526666666654,-3.8605266666666536,3.8605266666666536
403946099383201,40.66301611111111,-99.64228555555556,90.75,113.40166193452389,-22.651661934523872,22.651661934523872
404033099373001,40.67593911111111,-99.62515633333332,6.73,5.585307499999991,1.1446925000000094,1.1446925000000094
404102099373001,40.68405933333333,-99.62523716666666,7.01,7.057109672619038,-0.0471096726190385,0.0471096726190385
403645099242701,40.61264497222222,-99.40752011111113,17.96,19.67568827380951,-1.7156882738095085,1.7156882738095085
403903099214301,40.650864722222224,-99.3618686111111,3.74,6.253339107142852,-2.5133391071428512,2.5133391071428512
403408099130501,40.56878722222223,-99.21816944444444,11.22,16.181995178571473,-4.961995178571472,4.961995178571472
403315099351501,40.554270555555554,-99.58744083333332,66.33,70.23073214285701,-3.9007321428570094,3.9007321428570094
402906099342201,40.485083333333336,-99.57288888888888,146.18,97.585772916667,48.59422708333301,48.59422708333301
402630099305500,40.44133611111111,-99.51204166666666,174.26,158.65803460317468,15.601965396825308,15.601965396825308
402421099112000,40.40549166666666,-99.18921666666668,58.4,107.53208863095207,-49.13208863095208,49.13208863095208
403408099130501,40.56878722222223,-99.21816944444444,10.82,14.292761845238095,-3.472761845238095,3.472761845238095
402630099305500,40.44133611111111,-99.51204166666666,170.73,159.3725749702383,11.357425029761686,11.357425029761686
402906099342201,40.485083333333336,-99.57288888888888,143.44,95.23075833333336,48.20924166666664,48.20924166666664
403903099214301,40.650864722222224,-99.3618686111111,4.6,8.583438452380951,-3.983438452380952,3.983438452380952
403315099351501,40.554270555555554,-99.58744083333332,68.84,71.43530458333338,-2.595304583333373,2.595304583333373
403645099242701,40.61264497222222,-99.40752011111113,16.56,20.77195226190474,-4.211952261904742,4.211952261904742
403946099383201,40.66301611111111,-99.64228555555556,93.09,112.94838291666656,-19.858382916666542,19.858382916666542
404033099373001,40.67593911111111,-99.62515633333332,7.19,5.75031166666667,1.43968833333333,1.43968833333333
404040099383501,40.67796833333333,-99.64313333333334,7.29,14.137110476190529,-6.847110476190529,6.847110476190529
404102099373001,40.68405933333333,-99.62523716666666,7.93,7.7081202976190415,0.2218797023809582,0.2218797023809582
403217099312001,40.5392815,-99.5207383,101.53,95.20495833333334,6.325041666666664,6.325041666666664
403322099304801,40.5542755075,-99.5122815,56.74,69.67850077380936,-12.93850077380936,12.93850077380936
403646099293301,40.6127772,-99.4935704,19.08,25.08931249999997,-6.009312499999972,6.009312499999972
403651099281401,40.613021,-99.4747929,38.43,21.89703999999998,16.53296000000002,16.53296000000002
403928099371801,40.655954,-99.6202609,87.42,69.87791916666683,17.542080833333173,17.542080833333173
402421099112000,40.40549166666666,-99.18921666666668,60.46,108.71754880952416,-48.257548809524174,48.257548809524174
402630099305500,40.44133611111111,-99.51204166666666,174.71,159.05033491071464,15.659665089285369,15.659665089285369
402906099342201,40.485083333333336,-99.57288888888888,147.99,95.52318333333356,52.466816666666446,52.466816666666446
403315099351501,40.554270555555554,-99.58744083333332,71.02,72.1647895833329,-1.1447895833329085,1.1447895833329085
403408099130501,40.56878722222223,-99.21816944444444,15.9,16.529399583333415,-0.6293995833334147,0.6293995833334147
403645099242701,40.61264497222222,-99.40752011111113,21.65,22.59707333333346,-0.94707333333346,0.94707333333346
403903099214301,40.650864722222224,-99.3618686111111,8.89,8.62579000000001,0.2642099999999914,0.2642099999999914
403946099383201,40.66301611111111,-99.64228555555556,96.69,114.56402541666633,-17.874025416666314,17.874025416666314
404033099373001,40.67593911111111,-99.62515633333332,10.56,7.457987499999994,3.102012500000006,3.102012500000006
404040099383501,40.67796833333333,-99.64313333333334,10.68,12.498329166666643,-1.8183291666666437,1.8183291666666437
404102099373001,40.68405933333333,-99.62523716666666,9.55,9.120156250000024,0.4298437499999767,0.4298437499999767
403316099192301,40.554508,-99.32334,17.95,16.351667083333435,1.598332916666564,1.598332916666564
G-187841Deep,40.55758333,-99.32308333,18.79,16.071747083333427,2.718252916666572,2.718252916666572
402421099112000,40.40549166666666,-99.18921666666668,63.0,107.7239010119045,-44.7239010119045,44.7239010119045
402630099305500,40.44133611111111,-99.51204166666666,177.92,159.3725749702383,18.547425029761683,18.547425029761683
403408099130501,40.56878722222223,-99.21816944444444,16.95,14.292761845238095,2.657238154761904,2.657238154761904
403645099242701,40.61264497222222,-99.40752011111113,22.65,20.77195226190474,1.8780477380952585,1.8780477380952585
403315099351501,40.554270555555554,-99.58744083333332,70.85,71.43530458333338,-0.5853045833333823,0.5853045833333823
403903099214301,40.650864722222224,-99.3618686111111,10.09,8.583438452380951,1.5065615476190484,1.5065615476190484
404033099373001,40.67593911111111,-99.62515633333332,11.6,5.75031166666667,5.849688333333329,5.849688333333329
404102099373001,40.68405933333333,-99.62523716666666,10.74,7.7081202976190415,3.0318797023809587,3.0318797023809587
403946099383201,40.66301611111111,-99.64228555555556,97.29,112.94838291666656,-15.65838291666654,15.65838291666654
402421099112000,40.40549166666666,-99.18921666666668,60.13,107.53208863095207,-47.40208863095207,47.40208863095207
402630099305500,40.44133611111111,-99.51204166666666,175.62,158.65803460317468,16.96196539682532,16.96196539682532
403315099351501,40.554270555555554,-99.58744083333332,69.87,70.23073214285701,-0.3607321428570031,0.3607321428570031
403408099130501,40.56878722222223,-99.21816944444444,27.05,16.181995178571473,10.868004821428528,10.868004821428528
403645099242701,40.61264497222222,-99.40752011111113,20.06,19.67568827380951,0.3843117261904893,0.3843117261904893
403903099214301,40.650864722222224,-99.3618686111111,7.15,6.253339107142852,0.8966608928571489,0.8966608928571489
403946099383201,40.66301611111111,-99.64228555555556,95.47,113.40166193452389,-17.931661934523873,17.931661934523873
404033099373001,40.67593911111111,-99.62515633333332,9.96,5.585307499999991,4.37469250000001,4.37469250000001
404040099383501,40.67796833333333,-99.64313333333334,10.15,11.720526666666654,-1.5705266666666535,1.5705266666666535
404102099373001,40.68405933333333,-99.62523716666666,10.33,7.057109672619038,3.2728903273809618,3.2728903273809618
402905099115301,40.4848551,-99.1983097,37.68,30.046355000000062,7.633644999999934,7.633644999999934
402924099235501,40.4901949,-99.398706,53.31,45.34795583333332,7.962044166666679,7.962044166666679
403037099111401,40.5103457694444,-99.1873426,35.96,28.27526458333336,7.684735416666644,7.684735416666644
403138099235801,40.5255500233333,-99.399115,28.05,20.862362500000035,7.1876374999999655,7.1876374999999655
403217099312001,40.5392815,-99.5207383,103.55,95.46872083333356,8.081279166666448,8.081279166666448
403322099201601,40.5547811,-99.3416484,6.08,13.083790416666718,-7.0037904166667175,7.0037904166667175
403322099304801,40.5542755075,-99.5122815,58.1,70.19068279761916,-12.09068279761916,12.09068279761916
403646099293301,40.6127772,-99.4935704,20.9,26.33067875000001,-5.430678750000016,5.430678750000016
403651099281401,40.613021,-99.4747929,40.58,23.024279166666684,17.555720833333314,17.555720833333314
403915099190801,40.6573434,-99.3214291,10.0,11.67112148809526,-1.6711214880952614,1.6711214880952614
403928099371801,40.655954,-99.6202609,86.45,70.84732749999971,15.602672500000295,15.602672500000295
402421099112000,40.40549166666666,-99.18921666666668,61.95,109.08847511904818,-47.13847511904818,47.13847511904818
402630099305500,40.44133611111111,-99.51204166666666,174.98,159.57705535714285,15.402944642857136,15.402944642857136
403408099130501,40.56878722222223,-99.21816944444444,17.53,17.249369166666792,0.280630833333209,0.280630833333209
403645099242701,40.61264497222222,-99.40752011111113,22.63,23.559830000000066,-0.9298300000000664,0.9298300000000664
403645099242701,40.61264497222222,-99.40752011111113,23.15,23.559830000000066,-0.409830000000067,0.409830000000067
G-187841Deep,40.55758333,-99.32308333,19.39,18.45350208333337,0.936497916666628,0.936497916666628
403316099192301,40.554508,-99.32334,19.66,19.122049761904808,0.5379502380951919,0.5379502380951919
403315099351501,40.554270555555554,-99.58744083333332,68.78,72.11640624999951,-3.336406249999513,3.336406249999513
403903099214301,40.650864722222224,-99.3618686111111,8.89,8.718635416666617,0.1713645833333839,0.1713645833333839
404040099383501,40.67796833333333,-99.64313333333334,8.8,12.710989583333314,-3.910989583333313,3.910989583333313
404033099373001,40.67593911111111,-99.62515633333332,7.9,5.337422916666679,2.5625770833333217,2.5625770833333217
404102099373001,40.68405933333333,-99.62523716666666,9.83,8.309602083333296,1.5203979166667043,1.5203979166667043
403946099383201,40.66301611111111,-99.64228555555556,95.78,114.50871541666652,-18.72871541666653,18.72871541666653
