YearMsr,Mean_Absolute_Error,RMSE,Mean_Error,Number_of_Observations
2000,22.533690028860075,32.02289108110708,-0.6128945831400178,28
2001,28.959582529761956,36.69710763989192,-1.9732861522108625,21
2002,21.60701456059039,30.486327494169704,-0.74296986597341,23
2003,19.785076050485042,28.250155864139796,1.8734875220458642,36
2004,18.4871660738232,26.910455567800142,-0.3174115000684084,29
2005,17.09520392195768,24.922065273672626,1.2936118121692568,36
2006,18.599063641913645,26.056245903571853,4.623922041893291,39
2007,15.726349242357438,22.791730998885,2.6294183362727575,54
2008,13.168962759015226,21.325522584264522,0.1073875817878143,51
2009,10.294758715194666,16.6131883219302,1.9620920481536432,53
2010,12.58221204859553,21.210289713804514,-0.4108145920721988,29
2011,12.363862081207447,20.87884826758692,-1.0771234483654393,42
2012,11.673990938681023,18.443088133689642,-0.017359981575992663,42
2013,12.712262578983532,21.784329614224525,-1.4071772905219897,26
2014,10.220238108178043,17.25612928359055,1.4283806599378948,23
2015,13.913838842661326,23.53008417858249,-0.3651654963409131,35
2016,13.357917793650806,22.831401140421438,-0.5384697182539139,25
2017,13.75540427992726,23.0425483875461,-0.5699079009590262,24
2018,13.101187468400939,21.896311411393366,-0.741250091122801,27
2019,13.869810706105282,23.196900002752265,-1.6568318039888068,24
2020,10.841529794973596,18.70954243066741,-1.5678899867725822,18
2021,10.807192103174579,17.330858563920224,-0.9350797067212241,32
2022,10.665979585813444,16.354794355706723,0.5922835590277776,24
2023,10.200596156994012,16.76908703618243,2.1283095448908393,24
2024,7.374354583333327,14.800374895062005,-4.080144858058623,13
