Model,Configuration,Config_Name,RMSE_mean,RMSE_std,MAE_mean,MAE_std,R2_mean,R2_std,P90_AE_mean,P90_AE_std,P95_AE_mean,P95_AE_std,Mean_Error_mean,Mean_Error_std
LightGBM,A0,Groundwater Only,11.769839257257113,1.3944279870416674,3.5536719876540444,0.2676713166213031,0.9596128074201025,0.0021280391764443365,4.594306424404801,1.3940170096925726,8.168982760686628,1.0389057477270844,-0.14761087713267815,0.3699654916466641
LightGBM,A1,Groundwater + Weather,11.856506741881706,1.4238143342597371,3.3756896529364013,0.2620083007008222,0.9590323881328755,0.001967374716805669,4.377461736966898,1.4425308098388339,7.703171949990407,0.9577242502734161,-0.0023916077565032,0.3592033166464582
LightGBM,A6,Core AMDFE + Robustness Metadata,5.926619884978322,1.3496989118923282,2.722707924800462,0.626809378253004,0.9884894754766419,0.007743630256470039,5.826280999002391,1.6035393499615387,9.533486522860626,4.398254234723201,0.3462874984258374,0.6075928993769322
LightGBM,C0,Unweighted Multimodal Base (A2),7.471318199604869,6.6218076712105765,3.370030255235201,2.0471420851132374,0.9653517827558472,0.06409445543038596,6.020797655860891,1.6618774502868885,20.572470638948012,28.96286503159601,-0.7828150284865367,2.044125345702157
LightGBM,C1,Multimodal Base + Full Metadata (No Gating),7.388645859265894,5.747811030841724,3.33425489848522,1.7869093991242277,0.9697604480272352,0.05275800076261796,6.299960609588585,1.6035638932724234,19.45953394009022,25.22259345532501,-0.7329112163622115,1.8563943679466413
LightGBM,C2,Core Context-Adaptive AMDFE (Gated),6.534627493834364,1.9322696767636962,3.3251245270467464,1.0884828408790859,0.986169059513891,0.008640500117792205,7.503719742239939,3.6078069633882697,10.877156420277094,4.063314572127812,0.06668351518950097,0.7927157125170758
Random Forest,A0,Groundwater Only,11.806735442190734,1.3622000269659438,3.7475612087766543,0.06130810615297057,0.9593434630835912,0.0018322039636799162,4.641805573145243,0.31481066760776955,8.064690270833298,0.2971882128557618,0.0116875809134108,0.39947412168513435
Random Forest,A1,Groundwater + Weather,11.925437141078259,1.4364794109515364,3.5063426725311215,0.10444675056808396,0.9585448495880173,0.0021235517926431447,4.3695828571428255,0.289205185932767,7.753437497720697,0.8737864649864547,0.059451838284440436,0.35973351228751904
Random Forest,A6,Core AMDFE + Robustness Metadata,5.406042315849943,0.8267589948363688,2.580322665833975,0.3595964654354526,0.9909938395054552,0.0036029049848431472,5.353705416666574,1.0691147825273235,7.602987041666601,0.9140239747041394,0.4143008432567606,0.422406563630834
Random Forest,C0,Unweighted Multimodal Base (A2),5.451370491539111,1.8220806984904367,2.6973976850324015,0.7477429289962283,0.9895502024197377,0.009383472966172696,5.7228195833333215,1.634727525944504,9.958629428571381,5.669268786435743,0.08997854086588539,0.8519618833290858
Random Forest,C1,Multimodal Base + Full Metadata (No Gating),5.409615991903081,1.758901450880954,2.6698275153958315,0.7289248563532482,0.9898094015995753,0.008860583339364986,5.60488964047615,1.703293154536987,9.694493666666627,5.353037545490707,0.0836247788865353,0.802644822354354
Random Forest,C2,Core Context-Adaptive AMDFE (Gated),6.16054789393565,1.660047387219408,3.2245376631263056,0.6723032041819996,0.9880538945215573,0.0067256207536925796,6.964832750000011,1.6630758762156577,10.058913716666698,2.810400803896271,0.20128993034037287,0.35776444718145467
XGBoost,A0,Groundwater Only,11.782780710268572,1.3948568131037395,3.622675121057464,0.17142647944095643,0.9595283025671508,0.001983457879052184,4.631019038391112,0.42112678014289656,8.537682292175287,0.9673987536146448,0.3403923577294964,0.551949403954293
XGBoost,A1,Groundwater + Weather,12.089120911540538,1.5514585624420258,3.4087205604678887,0.16946333093729712,0.9574384823935442,0.002605602995934559,4.180300799560547,0.40717000586136975,7.848414318466171,0.7490311028916609,0.3994251056361125,0.44070208399529254
XGBoost,A6,Core AMDFE + Robustness Metadata,4.803769908404735,1.5283156628469294,2.231748872943486,0.6013500633083522,0.9924162033522524,0.005072555413143542,4.680830325317386,1.6075435563485387,6.444810793304444,1.615131478431825,0.4378567190260636,0.6140003445359048
XGBoost,C0,Unweighted Multimodal Base (A2),4.859196906237217,0.804756856786771,2.517468485011351,0.2756439502243385,0.9928907323646579,0.002318072103128947,5.7055500617504125,0.5700067822497609,8.211524418258668,0.5789722788994454,0.5042892912479852,0.5245555994412525
XGBoost,C1,Multimodal Base + Full Metadata (No Gating),4.7816277042747215,0.9819691071085869,2.437573561371977,0.33463172849100536,0.9929803999602462,0.0030139632455048588,5.436684313964844,0.7000113380677502,7.9341459709167435,1.2418087931670914,0.43397964252826793,0.6244280001380167
XGBoost,C2,Core Context-Adaptive AMDFE (Gated),5.852775914054006,2.697669216074213,3.1460788594518503,1.4357762965551,0.9881697919916841,0.010988075506494905,7.181414402770999,4.9449413108379305,9.64974611053466,5.521594674922225,-0.2685028208742902,0.9158282245341213
