Cohort,Model,Configuration,Config_Name,Num_Observations,Num_Wells,R2,MAE,RMSE,Median_AE,P90_AE,P95_AE,Mean_Error,Pearson_r
Low_Density,LightGBM,C0,Unweighted Multimodal Base (A2),1398,112,0.9688386532022712,3.7648764914483306,9.602867895031686,1.5590458439110275,7.093694637320903,12.205090895327912,-0.1196431038372521,0.9843453694248061
Low_Density,LightGBM,C1,Multimodal Base + Full Metadata (No Gating),1398,112,0.9681722881923077,3.8563020295963755,9.705000297606516,1.4707486351058003,7.431321396100114,13.072089106722832,0.002516889515717305,0.9839704872877741
Low_Density,LightGBM,C2,Core Context-Adaptive AMDFE (Gated),1398,112,0.9699331457938712,4.396251542675983,9.432717770167189,1.8117729577367871,9.539888900800475,17.29075751093697,0.03588379938026371,0.984996751569365
Low_Density,LightGBM,A6,Core AMDFE + Robustness Metadata,1398,112,0.9744532666243905,3.7325751877443536,8.694818730327292,1.474768774499859,7.668972442457551,13.982437423867118,0.16876228599134538,0.987155678162975
Medium_Density,LightGBM,C0,Unweighted Multimodal Base (A2),1260,97,0.982579485215357,2.492924310278487,7.298544424351872,1.0992925862977407,4.567888689121317,7.119934601466166,-0.3807842481208623,0.991393154258864
Medium_Density,LightGBM,C1,Multimodal Base + Full Metadata (No Gating),1260,97,0.9855305241298137,2.4081299181528024,6.651692491308735,1.088358886355219,4.697175365235559,7.036476637690238,-0.3663386775390324,0.9928296877186733
Medium_Density,LightGBM,C2,Core Context-Adaptive AMDFE (Gated),1260,97,0.9931831617829339,2.4922468084040874,4.565593666815905,1.3103889017042647,5.586977710694952,9.623099742515304,0.035013423130756144,0.9966538368438066
Medium_Density,LightGBM,A6,Core AMDFE + Robustness Metadata,1260,97,0.9961774341646545,1.8508172752586558,3.4188752204394066,0.955397792065011,4.141449563428648,6.195649088286566,0.31767311736296544,0.9981034754735321
High_Density,LightGBM,C0,Unweighted Multimodal Base (A2),1250,84,0.970858772691154,3.826737033275877,11.266242714601262,1.5519305089186473,5.770671789760764,9.330695637492223,-1.9210190428995821,0.9860546497142426
High_Density,LightGBM,C1,Multimodal Base + Full Metadata (No Gating),1250,84,0.9763471217984754,3.695599357272855,10.150026630209759,1.5004744087650863,6.3343645374492725,9.52842340933264,-1.9117685476191257,0.9887443656298874
High_Density,LightGBM,C2,Core Context-Adaptive AMDFE (Gated),1250,84,0.9946096052379044,3.0140726305678878,4.845465099175081,1.70441065121231,7.266403858872212,13.014735959200554,0.11032856385048508,0.9973238714081302
High_Density,LightGBM,A6,Core AMDFE + Robustness Metadata,1250,84,0.9957971680752528,2.489046851532295,4.278545897924349,1.3810367591436936,5.786415631699895,7.999367635400978,0.5879226572763597,0.9979365866879171
