Feature,Train_Missing_Count,Train_Missing_Pct,Test_Missing_Count,Test_Missing_Pct,Fitted_Train_Impute_Value
Previous_WatLevel,170,4.422476586888657,0,0.0,37.724999999999994
Previous2_WatLevel,336,8.74089490114464,0,0.0,38.02
Days_Since_Previous,170,4.422476586888657,0,0.0,338.5
Years_Since_Previous,170,4.422476586888657,0,0.0,0.9267624914442164
Rolling_Mean_3,170,4.422476586888657,0,0.0,37.47
Rolling_Std_3,336,8.74089490114464,0,0.0,1.3129991112038715
Previous_Level_Change,336,8.74089490114464,0,0.0,0.0799999999999998
Recent_Trend,336,8.74089490114464,0,0.0,0.0909421347669719
Historical_Mean,170,4.422476586888657,0,0.0,37.39505494505494
Historical_Std,336,8.74089490114464,0,0.0,2.227997833553477
Historical_Min,170,4.422476586888657,0,0.0,33.72
Historical_Max,170,4.422476586888657,0,0.0,40.18
Previous_Observation_Count,0,0.0,0,0.0,12.0
Observation_Density,0,0.0,0,0.0,1.0
Long_Gap_Flag,0,0.0,0,0.0,0.0
Very_Long_Gap_Flag,0,0.0,0,0.0,0.0
Annual_Temperature_Mean,137,3.563995837669095,0,0.0,11.539398907103823
Annual_Precipitation_Total,137,3.563995837669095,0,0.0,645.8100000000001
Annual_Humidity_Mean,137,3.563995837669095,0,0.0,63.09775956284152
Annual_WindSpeed_Mean,137,3.563995837669095,0,0.0,3.5071506849315064
Annual_SolarRadiation_Mean,137,3.563995837669095,0,0.0,16.340491803278688
LatDD,0,0.0,0,0.0,40.54167314
LongDD,0,0.0,0,0.0,-99.44083333333332
Surf_Elev,0,0.0,0,0.0,2328.14
