Spatial_Fold,Cluster_Name,Fold_Type,Regime,Config_Key,Configuration,Feature_Count,Model,Train_Wells,Test_Wells,Sample_Count,Fit_Time_Sec,R2,MAE,RMSE,Mean_Error,Median_Absolute_Error,P90_Absolute_Error,P95_Absolute_Error
0,Northwest Phelps,Spatial_Cluster_Holdout,Spatial_Overall_Test,A0,A0 — Geographic Baseline,2,Random Forest,137,33,648,1.17,-0.4422244420758463,11.244367255837076,14.11386544684495,1.7310254567582164,9.376886006297536,24.191782396759674,26.86617028616365
0,Northwest Phelps,Spatial_Cluster_Holdout,Spatial_Warm_Start,A0,A0 — Geographic Baseline,2,Random Forest,137,33,615,1.17,-0.4417214208926592,11.369830478957002,14.24428764715856,1.6532867895335177,9.501094680637335,24.501516839561578,26.95507695347868
0,Northwest Phelps,Spatial_Cluster_Holdout,Spatial_Cold_Start,A0,A0 — Geographic Baseline,2,Random Forest,137,33,33,1.17,-0.5454548736886078,8.9061890067839,11.413763494058392,3.1797915277639692,7.553239443055965,20.391842342034394,22.434564837458474
0,Northwest Phelps,Spatial_Cluster_Holdout,Spatial_Overall_Test,A0,A0 — Geographic Baseline,2,XGBoost,137,33,648,0.9,-20.88972237385547,44.93727669297913,54.985689308928336,43.1031425238833,40.299569091796876,84.85066088867188,88.98411004638672
0,Northwest Phelps,Spatial_Cluster_Holdout,Spatial_Warm_Start,A0,A0 — Geographic Baseline,2,XGBoost,137,33,615,0.9,-20.28325758168495,44.6707756765102,54.72920128845634,42.87316929707101,39.90977325439453,84.88321173095703,88.91611004638672
0,Northwest Phelps,Spatial_Cluster_Holdout,Spatial_Cold_Start,A0,A0 — Geographic Baseline,2,XGBoost,137,33,33,0.9,-41.08869986363545,49.903886545354666,59.563945862036,47.389007205385155,46.0977880859375,80.98811004638672,107.9527333374023
0,Northwest Phelps,Spatial_Cluster_Holdout,Spatial_Overall_Test,A0,A0 — Geographic Baseline,2,LightGBM,137,33,648,0.81,-0.18264004392781508,10.06372004313687,12.780735204521752,1.3242083847287867,8.90187478358623,19.21214407955925,25.459909226762118
0,Northwest Phelps,Spatial_Cluster_Holdout,Spatial_Warm_Start,A0,A0 — Geographic Baseline,2,LightGBM,137,33,615,0.81,-0.18425896766735272,10.161816532161366,12.90991552805456,1.227062733998343,9.046171373393822,19.798878932356374,27.034273096213987
0,Northwest Phelps,Spatial_Cluster_Holdout,Spatial_Cold_Start,A0,A0 — Geographic Baseline,2,LightGBM,137,33,33,0.81,-0.20408436778723016,8.23555820222584,10.074631364794799,3.1346500574325047,7.774873910608122,14.218738557134735,14.63551060697203
0,Northwest Phelps,Spatial_Cluster_Holdout,Spatial_Overall_Test,A1,A1 — Geographic + Elevation,3,Random Forest,137,33,648,0.78,-0.04346613680081557,9.908349811859594,12.005181405451712,2.3189874144867817,9.535274167544056,18.22349884913643,23.12999884913642
0,Northwest Phelps,Spatial_Cluster_Holdout,Spatial_Warm_Start,A1,A1 — Geographic + Elevation,3,Random Forest,137,33,615,0.78,-0.04076451543943138,9.982417182516539,12.102533624320138,2.2165745496292684,9.701555896925269,18.42608399920996,23.626683791082684
0,Northwest Phelps,Spatial_Cluster_Holdout,Spatial_Cold_Start,A1,A1 — Geographic + Elevation,3,Random Forest,137,33,33,0.78,-0.19088979536724549,8.528003358707462,10.019279499620401,4.227590805013172,7.383990806530134,14.555526894238936,15.506958140332692
0,Northwest Phelps,Spatial_Cluster_Holdout,Spatial_Overall_Test,A1,A1 — Geographic + Elevation,3,XGBoost,137,33,648,0.45,-1.0431111866255516,13.534514259467892,16.798695111229197,8.274377631964509,10.88509677886963,28.139939674377445,30.78756758117676
0,Northwest Phelps,Spatial_Cluster_Holdout,Spatial_Warm_Start,A1,A1 — Geographic + Elevation,3,XGBoost,137,33,615,0.45,-0.9884757026880577,13.448532226624527,16.72862338537876,8.116344955630419,10.708228149414062,28.066851531982422,30.563040214538567
0,Northwest Phelps,Spatial_Cluster_Holdout,Spatial_Cold_Start,A1,A1 — Geographic + Elevation,3,XGBoost,137,33,33,0.45,-2.8671236565579568,15.136906689730557,18.05488534046391,11.219532054554332,12.046941299438476,30.69844357299805,32.01576513671875
0,Northwest Phelps,Spatial_Cluster_Holdout,Spatial_Overall_Test,A1,A1 — Geographic + Elevation,3,LightGBM,137,33,648,0.85,-3.225896067579992,19.082301605396776,24.159556239301175,14.06743559900399,16.612196917166234,39.764415530268984,47.01372092304126
0,Northwest Phelps,Spatial_Cluster_Holdout,Spatial_Warm_Start,A1,A1 — Geographic + Elevation,3,LightGBM,137,33,615,0.85,-3.088650143872255,18.946666569513308,23.987778771091488,13.845825738184876,16.42842529556015,39.238848401765985,47.01022092304127
0,Northwest Phelps,Spatial_Cluster_Holdout,Spatial_Cold_Start,A1,A1 — Geographic + Elevation,3,LightGBM,137,33,33,0.85,-7.752823580552006,21.61004545595222,27.16281604903522,18.197437550632877,20.378864944859984,44.382882704787455,47.8113152870253
0,Northwest Phelps,Spatial_Cluster_Holdout,Spatial_Overall_Test,A2,A2 — Environmental,8,Random Forest,137,33,648,0.75,-0.03292194466146836,9.956822028279928,11.94437140639681,2.4464563401124346,9.746204037698373,18.15540143452383,23.238622601190386
0,Northwest Phelps,Spatial_Cluster_Holdout,Spatial_Warm_Start,A2,A2 — Environmental,8,Random Forest,137,33,615,0.75,-0.030820167339733917,10.053766687830683,12.044575905257263,2.4460260928184305,10.0091391666666,18.218239285714265,23.832261833333288
0,Northwest Phelps,Spatial_Cluster_Holdout,Spatial_Cold_Start,A2,A2 — Environmental,8,Random Forest,137,33,33,0.75,-0.16104158468942886,8.150126100288606,9.89292217287807,2.454474585137073,6.845360416666667,14.769975654761897,16.267828250000044
0,Northwest Phelps,Spatial_Cluster_Holdout,Spatial_Overall_Test,A2,A2 — Environmental,8,XGBoost,137,33,648,0.6,-0.7295071905984849,12.616206045886617,15.455773087328058,7.287685685363816,11.249110794067382,25.475207923889165,28.333238029479975
0,Northwest Phelps,Spatial_Cluster_Holdout,Spatial_Warm_Start,A2,A2 — Environmental,8,XGBoost,137,33,615,0.6,-0.7017729282507539,12.618102510467777,15.475720049978476,7.272345809378275,11.177326583862303,25.496357315063477,28.450158737182605
0,Northwest Phelps,Spatial_Cluster_Holdout,Spatial_Cold_Start,A2,A2 — Environmental,8,XGBoost,137,33,33,0.6,-1.6974636228732893,12.58086284232862,15.079207010253189,7.5735651923670915,12.340863494873048,23.439294525146483,26.517047210693356
0,Northwest Phelps,Spatial_Cluster_Holdout,Spatial_Overall_Test,A2,A2 — Environmental,8,LightGBM,137,33,648,0.75,-1.491769881348933,16.55740081876147,18.551691474573932,13.158781840127137,15.104818975469236,30.573163706275068,33.39789386594956
0,Northwest Phelps,Spatial_Cluster_Holdout,Spatial_Warm_Start,A2,A2 — Environmental,8,LightGBM,137,33,615,0.75,-1.449411045765408,16.582744229805105,18.56653649436835,13.150401373947282,15.112756705666621,30.61827812764976,33.45286851889149
0,Northwest Phelps,Spatial_Cluster_Holdout,Spatial_Cold_Start,A2,A2 — Environmental,8,LightGBM,137,33,33,0.75,-2.9610480263798014,16.08509179476654,18.272827696571177,13.314963255297181,14.487713506005782,29.339782699838718,31.25227823649641
0,Northwest Phelps,Spatial_Cluster_Holdout,Spatial_Overall_Test,A3,A3 — Environmental + History,20,Random Forest,137,33,648,1.65,0.8950695492921292,2.324669445730451,3.806977554018562,-0.29639930941358267,1.3710000000000084,5.230807499999989,8.87303666666667
0,Northwest Phelps,Spatial_Cluster_Holdout,Spatial_Warm_Start,A3,A3 — Environmental + History,20,Random Forest,137,33,615,1.65,0.9225857642743936,2.0787308888888876,3.3007336055557785,-0.3406665799458004,1.304450000000017,4.422424999999993,7.652742499999958
0,Northwest Phelps,Spatial_Cluster_Holdout,Spatial_Cold_Start,A3,A3 — Environmental + History,20,Random Forest,137,33,33,1.65,0.03255016013258938,6.908069823232317,9.030565220736706,0.5285816414141106,5.940137500000006,12.412510333333298,15.885933333333362
0,Northwest Phelps,Spatial_Cluster_Holdout,Spatial_Overall_Test,A3,A3 — Environmental + History,20,XGBoost,137,33,648,1.06,0.8644714294237015,2.378929385785703,4.326582367088446,-0.2603420824474758,1.247377166748047,4.984630409240725,9.836025745391838
0,Northwest Phelps,Spatial_Cluster_Holdout,Spatial_Warm_Start,A3,A3 — Environmental + History,20,XGBoost,137,33,615,1.06,0.9051777402510759,2.043736776181353,3.653046581020946,-0.26163831673598864,1.191971130371094,4.034920074462892,6.2178389434814285
0,Northwest Phelps,Spatial_Cluster_Holdout,Spatial_Cold_Start,A3,A3 — Environmental + History,20,XGBoost,137,33,33,1.06,-0.41030649255219087,8.625700746594053,10.903287345275249,-0.23618498888882758,6.423834609985352,16.487000946044923,19.916194091796868
0,Northwest Phelps,Spatial_Cluster_Holdout,Spatial_Overall_Test,A3,A3 — Environmental + History,20,LightGBM,137,33,648,0.68,0.9086555981577744,1.949465259923109,3.5519800280561062,0.1297505174205297,1.1794503122552733,3.9268102436994057,6.399057722606631
0,Northwest Phelps,Spatial_Cluster_Holdout,Spatial_Warm_Start,A3,A3 — Environmental + History,20,LightGBM,137,33,615,0.68,0.9626573387838844,1.5246315723417343,2.2924648840957573,-0.07411008462850226,1.1216829396855559,3.247419541862516,4.169059671130065
0,Northwest Phelps,Spatial_Cluster_Holdout,Spatial_Cold_Start,A3,A3 — Environmental + History,20,LightGBM,137,33,33,0.68,-0.7771170825927884,9.866820346666907,12.239360473008782,3.928970828334307,7.730810287669151,18.99314742186383,21.098194011900553
0,Northwest Phelps,Spatial_Cluster_Holdout,Spatial_Overall_Test,A4,A4 — Environmental + History + Quality Proxies,24,Random Forest,137,33,648,1.67,0.8909552966683438,2.3483300848765416,3.880894480965638,-0.3429495036008251,1.3720124999999843,5.2178325000000045,9.09988225
0,Northwest Phelps,Spatial_Cluster_Holdout,Spatial_Warm_Start,A4,A4 — Environmental + History + Quality Proxies,24,Random Forest,137,33,615,1.67,0.918586320294841,2.10558082113821,3.384922671708541,-0.3820652113821145,1.3285499999999608,4.301954999999998,8.092124249999989
0,Northwest Phelps,Spatial_Cluster_Holdout,Spatial_Cold_Start,A4,A4 — Environmental + History + Quality Proxies,24,Random Forest,137,33,33,1.67,0.024613879563898156,6.8722936363636355,9.067529782288672,0.3860250505050232,6.184525000000004,12.037057833333293,16.364247500000037
0,Northwest Phelps,Spatial_Cluster_Holdout,Spatial_Overall_Test,A4,A4 — Environmental + History + Quality Proxies,24,XGBoost,137,33,648,0.95,0.8124128972899848,2.5505717414543954,5.09015532508633,-0.8683942136499617,1.1827961158752451,4.846391046524054,14.17456100463867
0,Northwest Phelps,Spatial_Cluster_Holdout,Spatial_Warm_Start,A4,A4 — Environmental + History + Quality Proxies,24,XGBoost,137,33,615,0.95,0.8429274272639115,2.284623796912713,4.7016493713204355,-0.7640093456981627,1.1008564758300778,3.9937404785156247,12.566329639434809
0,Northwest Phelps,Spatial_Cluster_Holdout,Spatial_Cold_Start,A4,A4 — Environmental + History + Quality Proxies,24,XGBoost,137,33,33,0.95,-0.14841626882789938,7.50687434427666,9.838986691244077,-2.813748570933487,5.655566673278809,14.323325332641602,16.879722274780267
0,Northwest Phelps,Spatial_Cluster_Holdout,Spatial_Overall_Test,A4,A4 — Environmental + History + Quality Proxies,24,LightGBM,137,33,648,0.71,0.9206738665613913,1.9276973120562781,3.3100739023094077,0.15239335381013933,1.2171598363442877,3.8443687961444835,6.324149146674334
0,Northwest Phelps,Spatial_Cluster_Holdout,Spatial_Warm_Start,A4,A4 — Environmental + History + Quality Proxies,24,LightGBM,137,33,615,0.71,0.9646892460399134,1.539007100347167,2.229223203922666,-0.018209681317884568,1.114442231618737,3.149191651212512,4.196041278943739
0,Northwest Phelps,Spatial_Cluster_Holdout,Spatial_Cold_Start,A4,A4 — Environmental + History + Quality Proxies,24,LightGBM,137,33,33,0.71,-0.45365047362641264,9.171469439362442,11.069568754530184,3.3318135539233116,7.789254756949145,15.962901364024544,19.397365677760305
1,North-Central Phelps,Spatial_Cluster_Holdout,Spatial_Overall_Test,A0,A0 — Geographic Baseline,2,Random Forest,143,27,759,0.69,-1.9585474347597023,58.8478270419505,68.32722373022784,-45.13301188364691,69.23121602893798,102.63434777936612,112.92790388422422
1,North-Central Phelps,Spatial_Cluster_Holdout,Spatial_Warm_Start,A0,A0 — Geographic Baseline,2,Random Forest,143,27,732,0.69,-2.0119226889254587,59.0172020008184,68.49738613323636,-45.35233613029254,69.36390079596727,102.66791804443874,112.9839038842242
1,North-Central Phelps,Spatial_Cluster_Holdout,Spatial_Cold_Start,A0,A0 — Geographic Baseline,2,Random Forest,143,27,27,0.69,-1.0511819240629223,54.25588371264295,63.54051974858968,-39.18688786347643,61.73941214928888,94.20191118090314,101.67232919503651
1,North-Central Phelps,Spatial_Cluster_Holdout,Spatial_Overall_Test,A0,A0 — Geographic Baseline,2,XGBoost,143,27,759,0.35,-4.248843893898244,84.29950884953475,91.00941751035978,-80.02153864241086,81.65840332031249,130.6502685546875,144.23685357666014
1,North-Central Phelps,Spatial_Cluster_Holdout,Spatial_Warm_Start,A0,A0 — Geographic Baseline,2,XGBoost,143,27,732,0.35,-4.340672927487999,84.47784774008996,91.2116012472776,-80.24483287519445,81.7084033203125,130.67621853637695,144.29285357666012
1,North-Central Phelps,Spatial_Cluster_Holdout,Spatial_Cold_Start,A0,A0 — Geographic Baseline,2,XGBoost,143,27,27,0.35,-2.700544416642397,79.46454337226021,85.34566825558512,-73.9677838869448,72.17857818603517,126.58776123046876,128.9584518737793
1,North-Central Phelps,Spatial_Cluster_Holdout,Spatial_Overall_Test,A0,A0 — Geographic Baseline,2,LightGBM,143,27,759,0.5,-0.8942375924810304,40.1749849020533,54.67285233964617,-21.37952971694591,24.04261567669019,88.51571466799126,111.64296694030344
1,North-Central Phelps,Spatial_Cluster_Holdout,Spatial_Warm_Start,A0,A0 — Geographic Baseline,2,LightGBM,143,27,732,0.5,-0.9322998258124984,40.36985787404887,54.86423732939934,-21.609180178729535,24.31390304029464,88.71025561706439,111.65346694030343
1,North-Central Phelps,Spatial_Cluster_Holdout,Spatial_Cold_Start,A0,A0 — Geographic Baseline,2,LightGBM,143,27,27,0.5,-0.2298614843678186,34.891762105728944,49.201322113336495,-15.153450530812211,16.64519040389908,85.4048809246045,103.42701632011779
1,North-Central Phelps,Spatial_Cluster_Holdout,Spatial_Overall_Test,A1,A1 — Geographic + Elevation,3,Random Forest,143,27,759,0.71,-2.5203723030180822,64.22916878861898,74.53303466398548,-53.80258845902602,69.34597102893801,105.03189926201756,130.2180108666223
1,North-Central Phelps,Spatial_Cluster_Holdout,Spatial_Warm_Start,A1,A1 — Geographic + Elevation,3,Random Forest,143,27,732,0.71,-2.587675432785455,64.45906693103507,74.7581701114812,-54.05283652757518,69.79669065051942,105.05798385826856,130.2740108666223
1,North-Central Phelps,Spatial_Cluster_Holdout,Spatial_Cold_Start,A1,A1 — Geographic + Elevation,3,Random Forest,143,27,27,0.71,-1.3593374830260156,57.99637470533829,68.14652368291608,-47.01808526724877,50.077522769152246,101.32417394022424,104.29782668147708
1,North-Central Phelps,Spatial_Cluster_Holdout,Spatial_Overall_Test,A1,A1 — Geographic + Elevation,3,XGBoost,143,27,759,0.42,-1.490589839459854,55.55557605125216,62.691059911178584,-49.68757006900269,58.108162231445306,87.07704559326172,115.16622827148437
1,North-Central Phelps,Spatial_Cluster_Holdout,Spatial_Warm_Start,A1,A1 — Geographic + Elevation,3,XGBoost,143,27,732,0.42,-1.538566627002338,55.769290813175054,62.88489965283665,-49.946273827057716,58.488162231445315,87.24604559326171,115.22222827148435
1,North-Central Phelps,Spatial_Cluster_Holdout,Spatial_Cold_Start,A1,A1 — Geographic + Elevation,3,XGBoost,143,27,27,0.42,-0.6614313265999754,49.76153139467593,57.1860197701395,-42.67382373951099,50.58590454101562,79.69935241699218,84.946240234375
1,North-Central Phelps,Spatial_Cluster_Holdout,Spatial_Overall_Test,A1,A1 — Geographic + Elevation,3,LightGBM,143,27,759,0.45,-4.786764915946945,88.79835035741701,95.5591826297723,-88.79835035741701,84.34540503552458,137.34263872729767,149.87913223106423
1,North-Central Phelps,Spatial_Cluster_Holdout,Spatial_Warm_Start,A1,A1 — Geographic + Elevation,3,LightGBM,143,27,732,0.45,-4.888138840499857,89.03646073799943,95.7725630411456,-89.03646073799943,84.56809029052138,137.31863872729767,150.0576322310642
1,North-Central Phelps,Spatial_Cluster_Holdout,Spatial_Cold_Start,A1,A1 — Geographic + Elevation,3,LightGBM,143,27,27,0.45,-3.076916737958504,82.34291337273825,89.58072926039858,-82.34291337273825,79.54434056581803,135.7276635461541,137.9862955281832
1,North-Central Phelps,Spatial_Cluster_Holdout,Spatial_Overall_Test,A2,A2 — Environmental,8,Random Forest,143,27,759,0.78,-2.5265879123403536,64.22053298148643,74.59880383236175,-53.65681112172564,69.9274666666665,104.81952349999972,130.01798160119088
1,North-Central Phelps,Spatial_Cluster_Holdout,Spatial_Warm_Start,A2,A2 — Environmental,8,Random Forest,143,27,732,0.78,-2.5905452416989356,64.40909405056242,74.78806394952943,-53.87018018621639,70.09556105654761,104.82891574999975,130.07937033035756
1,North-Central Phelps,Spatial_Cluster_Holdout,Spatial_Cold_Start,A2,A2 — Environmental,8,Random Forest,143,27,27,0.78,-1.4378412137216356,59.10843288653723,69.27098769858895,-47.8721387066431,50.95795416666692,101.8282074999997,107.46249937499971
1,North-Central Phelps,Spatial_Cluster_Holdout,Spatial_Overall_Test,A2,A2 — Environmental,8,XGBoost,143,27,759,0.49,-1.7576123446828467,57.298834130006966,65.96614631837852,-48.61575811654996,56.952451782226575,94.74507000732423,124.27268066406249
1,North-Central Phelps,Spatial_Cluster_Holdout,Spatial_Warm_Start,A2,A2 — Environmental,8,XGBoost,143,27,732,0.49,-1.808457592583903,57.52123358346074,66.1433252053913,-48.88621574401855,56.96437149047853,94.82656335449218,124.33809204101561
1,North-Central Phelps,Spatial_Cluster_Holdout,Spatial_Cold_Start,A2,A2 — Environmental,8,XGBoost,143,27,27,0.49,-0.8883760769196731,51.269337836371534,60.966732197470726,-41.28335132740162,48.21443176269531,90.1529672241211,96.59097671508789
1,North-Central Phelps,Spatial_Cluster_Holdout,Spatial_Overall_Test,A2,A2 — Environmental,8,LightGBM,143,27,759,0.44,-2.3569715004223943,66.1857785926001,72.78272867899989,-62.007046738565236,58.932300010245044,99.44299119342935,134.58617657040753
1,North-Central Phelps,Spatial_Cluster_Holdout,Spatial_Warm_Start,A2,A2 — Environmental,8,LightGBM,143,27,732,0.44,-2.415953128048608,66.3201520412249,72.94710155270447,-62.195086192495936,58.931430906572885,99.49910333596586,134.63786439502337
1,North-Central Phelps,Spatial_Cluster_Holdout,Spatial_Cold_Start,A2,A2 — Environmental,8,LightGBM,143,27,27,0.44,-1.3613475695496748,62.54276509654977,68.17554692492173,-56.90908820977778,59.126751545099694,94.2816978098411,101.3722585092367
1,North-Central Phelps,Spatial_Cluster_Holdout,Spatial_Overall_Test,A3,A3 — Environmental + History,20,Random Forest,143,27,759,1.58,0.8899998977501131,6.356117941448624,13.175012953705737,-0.42772856915434476,3.6593499999997903,11.631358333333356,13.755885416666727
1,North-Central Phelps,Spatial_Cluster_Holdout,Spatial_Warm_Start,A3,A3 — Environmental + History,20,Random Forest,143,27,732,1.58,0.9768538757447043,4.600732785258889,6.004698819494269,1.0594723376918405,3.431195833333488,10.934057500000112,12.360848750000264
1,North-Central Phelps,Spatial_Cluster_Holdout,Spatial_Cold_Start,A3,A3 — Environmental + History,20,Random Forest,143,27,27,1.58,-0.9824062226214971,53.94655995370366,62.46618725433028,-40.74739759920648,60.75659500000074,90.7033031666666,96.72494349999955
1,North-Central Phelps,Spatial_Cluster_Holdout,Spatial_Overall_Test,A3,A3 — Environmental + History,20,XGBoost,143,27,759,0.95,0.8796243508440228,9.287326604870783,13.782367549746507,-6.040101909210246,6.7894116210937625,22.090497314453135,27.182701049804685
1,North-Central Phelps,Spatial_Cluster_Holdout,Spatial_Warm_Start,A3,A3 — Environmental + History,20,XGBoost,143,27,732,0.95,0.9232426618337618,8.16242270443609,10.934830157944408,-5.5019316620123195,6.632007141113277,19.162772064208987,25.72253646850587
1,North-Central Phelps,Spatial_Cluster_Holdout,Spatial_Cold_Start,A3,A3 — Environmental + History,20,XGBoost,143,27,27,0.95,-0.06593998381350175,39.78472123887804,45.805227992047676,-20.630495277687356,35.07279388427733,67.28899414062501,83.99464895629882
1,North-Central Phelps,Spatial_Cluster_Holdout,Spatial_Overall_Test,A3,A3 — Environmental + History,20,LightGBM,143,27,759,0.65,0.7248117673638624,16.258777338298987,20.838643068237932,-14.302389922572383,13.062950232781361,33.72192281282253,36.83512912502415
1,North-Central Phelps,Spatial_Cluster_Holdout,Spatial_Warm_Start,A3,A3 — Environmental + History,20,LightGBM,143,27,732,0.65,0.7873049102713019,14.929861700217776,18.20249083353453,-13.147175552259517,12.632192163422715,31.678316933476218,35.07580948743783
1,North-Central Phelps,Spatial_Cluster_Holdout,Spatial_Cold_Start,A3,A3 — Environmental + History,20,LightGBM,143,27,27,0.65,-0.638182967363617,52.287156859611876,56.78450910158683,-45.62153507327671,53.27057172737243,78.40296929783833,81.39567151939265
1,North-Central Phelps,Spatial_Cluster_Holdout,Spatial_Overall_Test,A4,A4 — Environmental + History + Quality Proxies,24,Random Forest,143,27,759,1.66,0.8867967867375222,6.652171122168893,13.365459174623481,-0.4234612369816896,3.863370833333306,12.041465000000121,14.700602916666638
1,North-Central Phelps,Spatial_Cluster_Holdout,Spatial_Warm_Start,A4,A4 — Environmental + History + Quality Proxies,24,Random Forest,143,27,732,1.66,0.9738953154511953,4.90175138888889,6.376925067772798,1.063566290983536,3.6861083333334363,11.359070000000212,13.26608250000019
1,North-Central Phelps,Spatial_Cluster_Holdout,Spatial_Cold_Start,A4,A4 — Environmental + History + Quality Proxies,24,Random Forest,143,27,27,1.66,-0.9911140101191693,54.107995002204554,62.60322936638332,-40.7384297729278,59.93131249999979,90.29487916666659,97.28830774999955
1,North-Central Phelps,Spatial_Cluster_Holdout,Spatial_Overall_Test,A4,A4 — Environmental + History + Quality Proxies,24,XGBoost,143,27,759,0.93,0.8881726045375486,8.715748374848499,13.283992185779844,-5.402318521934379,6.213297729492183,19.633839843750035,26.523008346557617
1,North-Central Phelps,Spatial_Cluster_Holdout,Spatial_Warm_Start,A4,A4 — Environmental + History + Quality Proxies,24,XGBoost,143,27,732,0.93,0.9309755821019321,7.618825399054856,10.369396125781757,-4.989944257267186,6.0459713745117085,17.989028564453125,25.512147125244148
1,North-Central Phelps,Spatial_Cluster_Holdout,Spatial_Cold_Start,A4,A4 — Environmental + History + Quality Proxies,24,XGBoost,143,27,27,0.93,-0.03921043674464797,38.45454905192058,45.22727507437227,-16.582243030689384,32.365941467285154,65.28820220947269,87.97850439453123
1,North-Central Phelps,Spatial_Cluster_Holdout,Spatial_Overall_Test,A4,A4 — Environmental + History + Quality Proxies,24,LightGBM,143,27,759,0.64,0.7269513394153853,15.950722183162867,20.757475390103306,-13.992287593747719,12.665064861050496,32.814736946409546,36.70038039529098
1,North-Central Phelps,Spatial_Cluster_Holdout,Spatial_Warm_Start,A4,A4 — Environmental + History + Quality Proxies,24,LightGBM,143,27,732,0.64,0.7974406240154094,14.503977297366045,17.76348870922028,-12.762485432745907,12.434757869555405,30.727246448751725,34.62575606356195
1,North-Central Phelps,Spatial_Cluster_Holdout,Spatial_Cold_Start,A4,A4 — Environmental + History + Quality Proxies,24,LightGBM,143,27,27,0.64,-0.8074387182105915,55.17358353143222,59.64588176385027,-47.33359062535238,58.71748101616845,79.37466800642484,88.06342186515705
2,East Phelps,Spatial_Cluster_Holdout,Spatial_Overall_Test,A0,A0 — Geographic Baseline,2,Random Forest,134,36,860,0.75,-0.7780405901117144,63.447603025074855,75.27241869773859,63.230241949243734,65.41113963090702,105.58042061963334,150.57108129299695
2,East Phelps,Spatial_Cluster_Holdout,Spatial_Warm_Start,A0,A0 — Geographic Baseline,2,Random Forest,134,36,824,0.75,-0.7736567779110619,63.440354682381795,75.28480673222376,63.22290114694319,65.34613963090702,105.52042061963336,151.11508129299693
2,East Phelps,Spatial_Cluster_Holdout,Spatial_Cold_Start,A0,A0 — Geographic Baseline,2,Random Forest,134,36,36,0.75,-1.064882946331676,63.61350953560506,74.98831085260451,63.398264757456026,67.24678012527018,105.71113963090701,111.86858578797425
2,East Phelps,Spatial_Cluster_Holdout,Spatial_Overall_Test,A0,A0 — Geographic Baseline,2,XGBoost,134,36,860,0.31,-0.17758665253568062,52.123073936905975,61.257810914382056,-2.2091556668836017,53.16903289794922,84.36691339111329,126.74864929199211
2,East Phelps,Spatial_Cluster_Holdout,Spatial_Warm_Start,A0,A0 — Geographic Baseline,2,XGBoost,134,36,824,0.31,-0.1775317512225254,52.1518447880606,61.342131349038496,-2.929731671879592,53.16903289794922,84.28291339111331,128.228649291992
2,East Phelps,Spatial_Cluster_Holdout,Spatial_Cold_Start,A0,A0 — Geographic Baseline,2,XGBoost,134,36,36,0.31,-0.29105570207744225,51.46454112158882,59.2950367190071,14.284028447469076,51.8713745880127,83.64591339111328,93.21056991577149
2,East Phelps,Spatial_Cluster_Holdout,Spatial_Overall_Test,A0,A0 — Geographic Baseline,2,LightGBM,134,36,860,0.51,-2.3239999873285333,88.21138244449045,102.91899636730274,87.55614358495853,90.6576063246718,152.55497554846505,156.81440903088924
2,East Phelps,Spatial_Cluster_Holdout,Spatial_Warm_Start,A0,A0 — Geographic Baseline,2,LightGBM,134,36,824,0.51,-2.295432722279912,87.9802417440689,102.61923511861508,87.31977933823376,90.0976063246718,152.33405323884887,156.8060512235025
2,East Phelps,Spatial_Cluster_Holdout,Spatial_Cold_Start,A0,A0 — Geographic Baseline,2,LightGBM,134,36,36,0.51,-3.4073967724171403,93.50193625413895,109.55619161237665,92.96625856554796,110.48324682355502,155.6079313938509,161.29230854483947
2,East Phelps,Spatial_Cluster_Holdout,Spatial_Overall_Test,A1,A1 — Geographic + Elevation,3,Random Forest,134,36,860,0.71,0.35326896947903963,31.666636954472054,45.396971909236356,-8.238828750716165,17.271466141184085,81.99001495232906,119.27001495232905
2,East Phelps,Spatial_Cluster_Holdout,Spatial_Warm_Start,A1,A1 — Geographic + Elevation,3,Random Forest,134,36,824,0.71,0.3486056434469834,31.859912625045357,45.62412455783286,-8.782977942393245,17.65971899598639,82.37501495232908,119.44601495232904
2,East Phelps,Spatial_Cluster_Holdout,Spatial_Cold_Start,A1,A1 — Geographic + Elevation,3,Random Forest,134,36,36,0.71,0.41701044010219257,27.242771605794314,39.84522109889375,4.216141636559225,13.426940064221503,66.85064900476146,79.0390141904292
2,East Phelps,Spatial_Cluster_Holdout,Spatial_Overall_Test,A1,A1 — Geographic + Elevation,3,XGBoost,134,36,860,0.34,0.4910281514645731,34.269990249545074,40.27280847347289,26.69202391735343,41.99164154052734,57.665615539550785,61.42236401367187
2,East Phelps,Spatial_Cluster_Holdout,Spatial_Warm_Start,A1,A1 — Geographic + Elevation,3,XGBoost,134,36,824,0.34,0.4982804020417564,34.04712349697224,40.04083091042882,26.37056444723629,41.81905426025391,57.38594824218751,61.20887638854978
2,East Phelps,Spatial_Cluster_Holdout,Spatial_Cold_Start,A1,A1 — Geographic + Elevation,3,XGBoost,134,36,36,0.34,0.2478393989622294,39.371162586212165,45.25860282105473,34.049874011145704,46.86812652587891,63.67567977905273,65.33192710876466
2,East Phelps,Spatial_Cluster_Holdout,Spatial_Overall_Test,A1,A1 — Geographic + Elevation,3,LightGBM,134,36,860,0.48,0.16574397849955524,40.68302739489667,51.56021394174169,-9.777401050600238,36.53449826208988,79.15656764150015,118.50750740493672
2,East Phelps,Spatial_Cluster_Holdout,Spatial_Warm_Start,A1,A1 — Geographic + Elevation,3,LightGBM,134,36,824,0.48,0.16208362128971987,40.77008819420724,51.74553580083928,-10.352517463438238,36.57513429355282,79.32048503767284,119.98750740493662
2,East Phelps,Spatial_Cluster_Holdout,Spatial_Cold_Start,A1,A1 — Geographic + Elevation,3,LightGBM,134,36,36,0.48,0.18471285467960386,38.69030243289909,47.11955167953551,3.38637462102514,33.58158264670329,74.36696021880022,82.9535036019215
2,East Phelps,Spatial_Cluster_Holdout,Spatial_Overall_Test,A2,A2 — Environmental,8,Random Forest,134,36,860,0.73,0.35544407496256014,31.597540422670416,45.32056737488149,-8.232950987060175,16.250364568452653,81.86748741071416,119.17062916666671
2,East Phelps,Spatial_Cluster_Holdout,Spatial_Warm_Start,A2,A2 — Environmental,8,Random Forest,134,36,824,0.73,0.350850059731721,31.77205769653341,45.545456478166955,-8.772343387028876,16.417334375000088,82.1667775000001,119.25256250000007
2,East Phelps,Spatial_Cluster_Holdout,Spatial_Cold_Start,A2,A2 — Environmental,8,Random Forest,134,36,36,0.73,0.41753084070409374,27.603033932028612,39.82743338203567,4.113141723334547,14.369562621753065,66.50606928571432,78.08660968750036
2,East Phelps,Spatial_Cluster_Holdout,Spatial_Overall_Test,A2,A2 — Environmental,8,XGBoost,134,36,860,0.5,0.7177367059591171,26.543034660605496,29.991089197188185,10.893532368416011,26.023841018676755,44.76260784912109,49.88491067504882
2,East Phelps,Spatial_Cluster_Holdout,Spatial_Warm_Start,A2,A2 — Environmental,8,XGBoost,134,36,824,0.5,0.7199657204134863,26.459437347800982,29.914251950943846,10.604790704134599,25.955965881347666,44.65431790161133,49.806647857665986
2,East Phelps,Spatial_Cluster_Holdout,Spatial_Cold_Start,A2,A2 — Environmental,8,XGBoost,134,36,36,0.5,0.6310245460740126,28.456484264797634,31.69892907344239,17.502508239746092,27.66929054260254,46.40349670410156,52.459808349609375
2,East Phelps,Spatial_Cluster_Holdout,Spatial_Overall_Test,A2,A2 — Environmental,8,LightGBM,134,36,860,0.47,0.4055006049880141,37.15851779522617,43.525196876799555,21.091461466012266,39.45876158847618,67.23751568945019,71.06406714606521
2,East Phelps,Spatial_Cluster_Holdout,Spatial_Warm_Start,A2,A2 — Environmental,8,LightGBM,134,36,824,0.47,0.4115099861651733,37.009481410610974,43.36527424308563,20.751637360282498,39.439377366744544,66.96288834304204,70.51872651057991
2,East Phelps,Spatial_Cluster_Holdout,Spatial_Cold_Start,A2,A2 — Environmental,8,LightGBM,134,36,36,0.47,0.1875590738547459,40.569795043085094,47.037231097198806,28.869657663827063,41.96064372931272,70.20274484835554,72.5691386176134
2,East Phelps,Spatial_Cluster_Holdout,Spatial_Overall_Test,A3,A3 — Environmental + History,20,Random Forest,134,36,860,1.56,0.9389840360831703,9.413900167912507,13.943980732620782,2.041476078765219,5.258749999999939,24.166247499999944,29.629699166666626
2,East Phelps,Spatial_Cluster_Holdout,Spatial_Warm_Start,A3,A3 — Environmental + History,20,Random Forest,134,36,824,1.56,0.9547235547935126,8.448707675537444,12.028423466956024,1.5902439417186625,5.015612499999989,22.82437500000001,26.96497750000004
2,East Phelps,Spatial_Cluster_Holdout,Spatial_Cold_Start,A3,A3 — Environmental + History,20,Random Forest,134,36,36,1.56,0.5104447976005859,31.506083882275057,36.51293023289334,12.36967832671973,27.70518645833337,52.22996458333304,58.7424651041665
2,East Phelps,Spatial_Cluster_Holdout,Spatial_Overall_Test,A3,A3 — Environmental + History,20,XGBoost,134,36,860,0.85,0.9758584359359139,6.227340118496917,8.770972259240528,4.36939717359321,3.975162200927734,14.237231079101559,15.856031097412108
2,East Phelps,Spatial_Cluster_Holdout,Spatial_Warm_Start,A3,A3 — Environmental + History,20,XGBoost,134,36,824,0.85,0.9823608894751538,5.670347900205447,7.507768782495634,4.159320405756386,3.801813697814943,13.791742523193363,15.101319725036607
2,East Phelps,Spatial_Cluster_Holdout,Spatial_Cold_Start,A3,A3 — Environmental + History,20,XGBoost,134,36,36,0.85,0.7989177700090444,18.976273114946153,23.40090743546117,9.177820970747206,16.478622436523438,41.24357849121093,44.48222854614258
2,East Phelps,Spatial_Cluster_Holdout,Spatial_Overall_Test,A3,A3 — Environmental + History,20,LightGBM,134,36,860,0.86,0.9300144797449117,11.031776320624239,14.93375882780544,9.199200890458972,8.278139200586722,21.975800247672428,24.879698016721306
2,East Phelps,Spatial_Cluster_Holdout,Spatial_Warm_Start,A3,A3 — Environmental + History,20,LightGBM,134,36,824,0.86,0.9477550067288246,10.066032093055313,12.92096312909958,8.778780809839443,7.89826402171596,21.238671118120646,23.28488002745192
2,East Phelps,Spatial_Cluster_Holdout,Spatial_Cold_Start,A3,A3 — Environmental + History,20,LightGBM,134,36,36,0.86,0.4468785618442306,33.1365886405352,38.8111130569952,18.822149402417047,35.916191163531806,59.32386152951885,63.13456515459877
2,East Phelps,Spatial_Cluster_Holdout,Spatial_Overall_Test,A4,A4 — Environmental + History + Quality Proxies,24,Random Forest,134,36,860,1.67,0.9418813813593321,9.185943454595792,13.60888917762877,1.717339331533773,5.194237499999913,23.729715000000056,28.592437916666675
2,East Phelps,Spatial_Cluster_Holdout,Spatial_Warm_Start,A4,A4 — Environmental + History + Quality Proxies,24,Random Forest,134,36,824,1.67,0.9570692625985042,8.245146384289763,11.712691983771462,1.3157518151149925,4.935762500000047,22.246538333333326,26.059827291666597
2,East Phelps,Spatial_Cluster_Holdout,Spatial_Cold_Start,A4,A4 — Environmental + History + Quality Proxies,24,Random Forest,134,36,36,1.67,0.5284337256419905,30.71974306382268,35.83580964645084,10.909231374008087,26.906066666666447,52.43345000000006,57.653379166666085
2,East Phelps,Spatial_Cluster_Holdout,Spatial_Overall_Test,A4,A4 — Environmental + History + Quality Proxies,24,XGBoost,134,36,860,0.98,0.9767031167315376,6.3362538760872775,8.61616381765667,3.603529033217319,4.741426086425776,13.224908874511724,16.84345897674559
2,East Phelps,Spatial_Cluster_Holdout,Spatial_Warm_Start,A4,A4 — Environmental + History + Quality Proxies,24,XGBoost,134,36,824,0.98,0.9832944505844303,5.766363274009482,7.306391343446876,3.292059072383399,4.640327758789063,12.216461090087888,14.580096466064417
2,East Phelps,Spatial_Cluster_Holdout,Spatial_Cold_Start,A4,A4 — Environmental + History + Quality Proxies,24,XGBoost,134,36,36,0.98,0.7974556124207244,19.38041654586792,23.485832493060744,10.732730358971489,17.45464210510254,39.679174652099604,42.15663505554198
2,East Phelps,Spatial_Cluster_Holdout,Spatial_Overall_Test,A4,A4 — Environmental + History + Quality Proxies,24,LightGBM,134,36,860,0.66,0.9489183304412043,8.995527769674345,12.758440053807085,5.811574214586338,6.126837134961445,20.820331329620206,23.158476052251338
2,East Phelps,Spatial_Cluster_Holdout,Spatial_Warm_Start,A4,A4 — Environmental + History + Quality Proxies,24,LightGBM,134,36,824,0.66,0.9651304944890569,8.00450706072453,10.555904262927667,5.356845014019182,5.869579373309799,20.076766722927932,21.763482682471057
2,East Phelps,Spatial_Cluster_Holdout,Spatial_Cold_Start,A4,A4 — Environmental + History + Quality Proxies,24,LightGBM,134,36,36,0.66,0.5086294559344701,31.67889066341454,36.58056521030615,16.219820360901245,32.41450711909651,55.733733715829175,60.0023872778929
3,South-Central Phelps,Spatial_Cluster_Holdout,Spatial_Overall_Test,A0,A0 — Geographic Baseline,2,Random Forest,133,37,806,0.71,-4.1409977100582,50.248633122508814,64.15917695710445,50.22007287977151,45.880272251551204,91.73448427400953,139.7170615193262
3,South-Central Phelps,Spatial_Cluster_Holdout,Spatial_Warm_Start,A0,A0 — Geographic Baseline,2,Random Forest,133,37,769,0.71,-4.137393714091178,50.42409402753195,64.32400182087126,50.39415962487101,46.105272251551206,91.80222657988773,139.79056151932616
3,South-Central Phelps,Spatial_Cluster_Holdout,Spatial_Cold_Start,A0,A0 — Geographic Baseline,2,Random Forest,133,37,37,0.71,-4.240042641781999,46.60189161000101,60.632146387144346,46.60189161000101,35.97822657988772,90.57331298225071,101.4874935677752
3,South-Central Phelps,Spatial_Cluster_Holdout,Spatial_Overall_Test,A0,A0 — Geographic Baseline,2,XGBoost,133,37,806,0.31,-1.932282622494638,37.18363087477666,48.45493242358392,29.141100741518343,28.268777008056638,97.35223266601562,100.05223266601563
3,South-Central Phelps,Spatial_Cluster_Holdout,Spatial_Warm_Start,A0,A0 — Geographic Baseline,2,XGBoost,133,37,769,0.31,-1.9093681507497036,37.19286685499049,48.406197752546916,29.094980638688735,28.336466522216796,97.60923266601563,100.04323266601563
3,South-Central Phelps,Spatial_Cluster_Holdout,Spatial_Cold_Start,A0,A0 — Geographic Baseline,2,XGBoost,133,37,37,0.31,-2.4864517076787065,36.99167225898117,49.45695330448339,30.099650986814822,26.13343933105469,90.83165307617188,98.09723266601559
3,South-Central Phelps,Spatial_Cluster_Holdout,Spatial_Overall_Test,A0,A0 — Geographic Baseline,2,LightGBM,133,37,806,0.62,-3.6420615045349303,48.033065898633964,60.966396195939055,47.93881573724744,37.7016327375661,91.58599472838935,129.02099403933184
3,South-Central Phelps,Spatial_Cluster_Holdout,Spatial_Warm_Start,A0,A0 — Geographic Baseline,2,LightGBM,133,37,769,0.62,-3.63751101293232,48.17980906283124,61.114478125174664,48.081469541009994,37.92182078479784,91.58299472838935,129.0944940393318
3,South-Central Phelps,Spatial_Cluster_Holdout,Spatial_Cold_Start,A0,A0 — Geographic Baseline,2,LightGBM,133,37,37,0.62,-3.7624219949589053,44.98318770220936,57.80287896337413,44.97392992391225,33.701462524948454,90.95164922178556,100.00649459057769
3,South-Central Phelps,Spatial_Cluster_Holdout,Spatial_Overall_Test,A1,A1 — Geographic + Elevation,3,Random Forest,133,37,806,0.72,0.6342494799245006,15.124404100123723,17.113055352297053,10.536840979096668,17.82661056734287,24.3455118013441,25.23167581291343
3,South-Central Phelps,Spatial_Cluster_Holdout,Spatial_Warm_Start,A1,A1 — Geographic + Elevation,3,Random Forest,133,37,769,0.72,0.6338811166383052,15.21304871182546,17.17167638062259,10.527712935199952,17.94434778977477,24.32067581291343,25.054675812913427
3,South-Central Phelps,Spatial_Cluster_Holdout,Spatial_Cold_Start,A1,A1 — Geographic + Elevation,3,Random Forest,133,37,37,0.72,0.6421094773334468,13.282033656917289,15.845670871192144,10.72655626981495,12.51667581291343,25.285189221562224,25.463692229559623
3,South-Central Phelps,Spatial_Cluster_Holdout,Spatial_Overall_Test,A1,A1 — Geographic + Elevation,3,XGBoost,133,37,806,0.34,-2.436964074485966,44.68320916419586,52.45931014798164,44.47184521398237,46.638289794921874,85.49037811279297,87.64611541748047
3,South-Central Phelps,Spatial_Cluster_Holdout,Spatial_Warm_Start,A1,A1 — Geographic + Elevation,3,XGBoost,133,37,769,0.34,-2.432269016618406,44.81246450848325,52.57657489239779,44.59093090136743,46.86164535522461,85.64652557373047,87.67161846923828
3,South-Central Phelps,Spatial_Cluster_Holdout,Spatial_Cold_Start,A1,A1 — Geographic + Elevation,3,XGBoost,133,37,37,0.34,-2.5577132935261964,41.996794035628035,49.959836140557194,41.996794035628035,42.8679443359375,79.00990411376954,84.16730535888671
3,South-Central Phelps,Spatial_Cluster_Holdout,Spatial_Overall_Test,A1,A1 — Geographic + Elevation,3,LightGBM,133,37,806,0.49,-7.818392527791541,74.32103343404852,84.0291154964246,72.95687429887607,96.21117142418436,106.65693584956367,108.99774777310355
3,South-Central Phelps,Spatial_Cluster_Holdout,Spatial_Warm_Start,A1,A1 — Geographic + Elevation,3,LightGBM,133,37,769,0.49,-7.8142834095514235,74.69564860942268,84.25489385222288,73.3046632048235,96.28980975563044,106.6567465945399,109.01374777310355
3,South-Central Phelps,Spatial_Cluster_Holdout,Spatial_Cold_Start,A1,A1 — Geographic + Elevation,3,LightGBM,133,37,37,0.49,-7.938828559616573,66.53511262694786,79.19100161069568,65.72850487526576,92.23728854057168,106.17299893457161,107.2856085709724
3,South-Central Phelps,Spatial_Cluster_Holdout,Spatial_Overall_Test,A2,A2 — Environmental,8,Random Forest,133,37,806,0.75,0.640233488757099,14.975327630163308,16.97248549816189,10.384831349101194,17.454842455357195,24.366359583333402,25.476910885416736
3,South-Central Phelps,Spatial_Cluster_Holdout,Spatial_Warm_Start,A2,A2 — Environmental,8,Random Forest,133,37,769,0.75,0.6387232157626802,15.076797907069738,17.057746574291922,10.427960733797459,17.735270833333445,24.388825666666765,25.482606666666747
3,South-Central Phelps,Spatial_Cluster_Holdout,Spatial_Cold_Start,A2,A2 — Environmental,8,Random Forest,133,37,37,0.75,0.6753537941728616,12.866391334459474,15.091788067657223,9.488439542846447,11.349337916666638,22.78741875000003,23.445358035714314
3,South-Central Phelps,Spatial_Cluster_Holdout,Spatial_Overall_Test,A2,A2 — Environmental,8,XGBoost,133,37,806,0.5,-0.9167190814598152,33.99180742254328,39.17547871137751,33.40562342305338,40.270442962646484,56.8159814453125,58.48923301696777
3,South-Central Phelps,Spatial_Cluster_Holdout,Spatial_Warm_Start,A2,A2 — Environmental,8,XGBoost,133,37,769,0.5,-0.919587231793453,34.154019505385456,39.31928002149599,33.57371781908489,40.77968658447266,56.854748413085936,58.51558978271484
3,South-Central Phelps,Spatial_Cluster_Holdout,Spatial_Cold_Start,A2,A2 — Environmental,8,XGBoost,133,37,37,0.5,-0.8531549390751598,30.620426565634236,36.057150096002715,29.91198584066855,33.21377716064453,51.77035150146484,55.632221557617186
3,South-Central Phelps,Spatial_Cluster_Holdout,Spatial_Overall_Test,A2,A2 — Environmental,8,LightGBM,133,37,806,0.45,-0.4069547379298828,28.734667140838972,33.56411048868265,26.88037324226274,37.77219324453456,46.7933946143929,49.51171129949866
3,South-Central Phelps,Spatial_Cluster_Holdout,Spatial_Warm_Start,A2,A2 — Environmental,8,LightGBM,133,37,769,0.45,-0.4072952112319279,28.887260025599016,33.666210572415025,27.029014006334553,37.96017312726128,46.723804887736016,49.704841981287245
3,South-Central Phelps,Spatial_Cluster_Holdout,Spatial_Cold_Start,A2,A2 — Environmental,8,LightGBM,133,37,37,0.45,-0.40240445906376143,25.563209617042368,31.366941503331788,23.791055740337715,31.7355334414087,48.32484101953375,48.88212648430553
3,South-Central Phelps,Spatial_Cluster_Holdout,Spatial_Overall_Test,A3,A3 — Environmental + History,20,Random Forest,133,37,806,1.53,0.9799695337572019,2.3440458186504354,4.004797932749594,1.3823152691730305,1.602474999999992,4.140374999999988,6.506804479166606
3,South-Central Phelps,Spatial_Cluster_Holdout,Spatial_Warm_Start,A3,A3 — Environmental + History,20,Random Forest,133,37,769,1.53,0.9926313944599988,1.8497499203511054,2.4360953606322906,0.9516370161465095,1.54757499999981,3.732309999999988,4.477269999999992
3,South-Central Phelps,Spatial_Cluster_Holdout,Spatial_Cold_Start,A3,A3 — Environmental + History,20,Random Forest,133,37,37,1.53,0.6778161461952614,12.617384894114888,15.03444560184671,10.33343896045397,11.179782083333341,22.951602083333352,24.585245916666675
3,South-Central Phelps,Spatial_Cluster_Holdout,Spatial_Overall_Test,A3,A3 — Environmental + History,20,XGBoost,133,37,806,0.94,0.9726817821371524,3.14905840771148,4.676934212612512,-0.46414438237401445,2.304750547409057,5.799471194744109,7.251228001117706
3,South-Central Phelps,Spatial_Cluster_Holdout,Spatial_Warm_Start,A3,A3 — Environmental + History,20,XGBoost,133,37,769,0.94,0.9864034512490573,2.6583056870711332,3.309146334840924,-1.0803352897568703,2.2483442687988315,5.386069093465807,6.165217933654785
3,South-Central Phelps,Spatial_Cluster_Holdout,Spatial_Cold_Start,A3,A3 — Environmental + History,20,XGBoost,133,37,37,0.94,0.6452236510641884,13.348756844804095,15.776579927883517,12.342634206204803,14.770977020263672,22.22109571838379,26.706479797363276
3,South-Central Phelps,Spatial_Cluster_Holdout,Spatial_Overall_Test,A3,A3 — Environmental + History,20,LightGBM,133,37,806,0.62,0.974369451485957,3.3451735760447594,4.530165091566201,-2.314228211442596,2.7829747538770304,6.628388209734006,8.007699409574931
3,South-Central Phelps,Spatial_Cluster_Holdout,Spatial_Warm_Start,A3,A3 — Environmental + History,20,LightGBM,133,37,769,0.62,0.9821278203438912,3.0357453380955866,3.7939394138940683,-2.228001636000416,2.7009269984559268,6.234858497782892,7.173867815182374
3,South-Central Phelps,Spatial_Cluster_Holdout,Spatial_Cold_Start,A3,A3 — Environmental + History,20,LightGBM,133,37,37,0.62,0.7891954862683297,9.776263170177577,12.16117351150145,-4.1063427118489795,10.659475279987284,18.768871416511722,22.72751518341391
3,South-Central Phelps,Spatial_Cluster_Holdout,Spatial_Overall_Test,A4,A4 — Environmental + History + Quality Proxies,24,Random Forest,133,37,806,1.57,0.9799288570438849,2.3365187322086514,4.008862226518312,1.375260048661015,1.580187500000001,4.124568750000083,6.248737499999961
3,South-Central Phelps,Spatial_Cluster_Holdout,Spatial_Warm_Start,A4,A4 — Environmental + History + Quality Proxies,24,Random Forest,133,37,769,1.57,0.9925842074701183,1.8459239992414387,2.443883032351937,0.9359824431079302,1.5181999999999993,3.708319999999992,4.655045000000038
3,South-Central Phelps,Spatial_Cluster_Holdout,Spatial_Cold_Start,A4,A4 — Environmental + History + Quality Proxies,24,Random Forest,133,37,37,1.57,0.677930696502762,12.532933587662342,15.031772666110067,10.505110823534585,11.186130833333346,22.807111250000027,24.43145695238097
3,South-Central Phelps,Spatial_Cluster_Holdout,Spatial_Overall_Test,A4,A4 — Environmental + History + Quality Proxies,24,XGBoost,133,37,806,1.02,0.9772836057219392,2.9142949972943244,4.264859984894948,0.14804599651590772,2.090561485290527,5.792097799777984,7.48243388056755
3,South-Central Phelps,Spatial_Cluster_Holdout,Spatial_Warm_Start,A4,A4 — Environmental + History + Quality Proxies,24,XGBoost,133,37,769,1.02,0.9875953364531059,2.4767100237346753,3.1607789561443993,-0.314927404045051,1.9782802200317384,5.251763735771181,6.075714408874515
3,South-Central Phelps,Spatial_Cluster_Holdout,Spatial_Cold_Start,A4,A4 — Environmental + History + Quality Proxies,24,XGBoost,133,37,37,1.02,0.7311957386245675,12.008966474790833,13.732626450000726,9.770385051417996,12.083524780273438,19.575497024536133,21.38116470336912
3,South-Central Phelps,Spatial_Cluster_Holdout,Spatial_Overall_Test,A4,A4 — Environmental + History + Quality Proxies,24,LightGBM,133,37,806,0.64,0.9738407170530956,2.966715508072793,4.576653115351822,-1.6298996229425384,1.9489416099874002,6.447058390147484,9.054541732810522
3,South-Central Phelps,Spatial_Cluster_Holdout,Spatial_Warm_Start,A4,A4 — Environmental + History + Quality Proxies,24,LightGBM,133,37,769,0.64,0.9847611567760194,2.550748679011016,3.503302436278979,-1.3959829442146123,1.8351428156741614,5.6473095124391754,7.381475134241434
3,South-Central Phelps,Spatial_Cluster_Holdout,Spatial_Cold_Start,A4,A4 — Environmental + History + Quality Proxies,24,LightGBM,133,37,37,0.64,0.713220765407895,11.612080144518899,14.184348160930085,-6.491573297044562,9.81542689948032,23.522660634601266,27.520478709576583
4,Southwest Phelps,Spatial_Cluster_Holdout,Spatial_Overall_Test,A0,A0 — Geographic Baseline,2,Random Forest,133,37,771,0.89,0.5964305835818925,16.827074952650957,24.602962157115464,-12.2528224510185,9.14581229192458,41.050738430328565,45.48798359462626
4,Southwest Phelps,Spatial_Cluster_Holdout,Spatial_Warm_Start,A0,A0 — Geographic Baseline,2,Random Forest,133,37,734,0.89,0.5927401198577597,16.92009128603251,24.753827562511855,-12.450761234501305,9.116880601469777,41.159425072446005,45.93154110818081
4,Southwest Phelps,Spatial_Cluster_Holdout,Spatial_Cold_Start,A0,A0 — Geographic Baseline,2,Random Forest,133,37,37,0.89,0.672588523792736,14.981832014757444,21.391320721213734,-8.326144962467712,9.14581229192458,35.60681566480009,39.57595979191144
4,Southwest Phelps,Spatial_Cluster_Holdout,Spatial_Overall_Test,A0,A0 — Geographic Baseline,2,XGBoost,133,37,771,0.35,-0.9253574382302014,43.92378276265858,53.738304363748895,13.009708250369851,41.675614776611326,90.75193267822266,98.73402404785156
4,Southwest Phelps,Spatial_Cluster_Holdout,Spatial_Warm_Start,A0,A0 — Geographic Baseline,2,XGBoost,133,37,734,0.35,-0.9220417052084573,43.99142774436389,53.775932523688596,13.084435000874366,41.620614776611326,90.64993267822267,98.69652404785157
4,Southwest Phelps,Spatial_Cluster_Holdout,Spatial_Cold_Start,A0,A0 — Geographic Baseline,2,XGBoost,133,37,37,0.35,-1.0088440355391475,42.58185258504507,52.986320263727045,11.527291091712746,41.874283142089844,86.4582026748657,96.2173509521484
4,Southwest Phelps,Spatial_Cluster_Holdout,Spatial_Overall_Test,A0,A0 — Geographic Baseline,2,LightGBM,133,37,771,0.49,0.47395699178773776,22.78251806288188,28.0891696766344,9.234256353949043,18.94406255042219,49.85407653774067,59.84735055781914
4,Southwest Phelps,Spatial_Cluster_Holdout,Spatial_Warm_Start,A0,A0 — Geographic Baseline,2,LightGBM,133,37,734,0.49,0.4755766059532035,22.786739128452094,28.089730674542544,9.067409391167084,18.942430249009654,49.87263769338992,59.82485055781914
4,Southwest Phelps,Spatial_Cluster_Holdout,Spatial_Cold_Start,A0,A0 — Geographic Baseline,2,LightGBM,133,37,37,0.49,0.43590503136927206,22.698781248597125,28.078038374389738,12.544139345353306,19.178940080876416,45.56723326793673,57.084944091069744
4,Southwest Phelps,Spatial_Cluster_Holdout,Spatial_Overall_Test,A1,A1 — Geographic + Elevation,3,Random Forest,133,37,771,0.71,0.19364379377481,23.861651882578567,34.776970076609985,14.015871183748018,12.993189901191137,70.15521309097325,85.13521309097325
4,Southwest Phelps,Spatial_Cluster_Holdout,Spatial_Warm_Start,A1,A1 — Geographic + Elevation,3,Random Forest,133,37,734,0.71,0.19600632667066142,23.827120811846502,34.78026305220635,13.862092524417882,12.861473513831815,70.17621309097325,85.06621309097326
4,Southwest Phelps,Spatial_Cluster_Holdout,Spatial_Cold_Start,A1,A1 — Geographic + Elevation,3,Random Forest,133,37,37,0.71,0.13788050857861955,24.546673664128278,34.71157999244302,17.066507290459377,14.165172423890297,55.55511661288787,81.0092130909732
4,Southwest Phelps,Spatial_Cluster_Holdout,Spatial_Overall_Test,A1,A1 — Geographic + Elevation,3,XGBoost,133,37,771,0.34,0.6641607716323894,17.769033773795794,22.44367581208497,6.950968737868175,15.844966430664066,32.642293243408204,53.62091003417969
4,Southwest Phelps,Spatial_Cluster_Holdout,Spatial_Warm_Start,A1,A1 — Geographic + Elevation,3,XGBoost,133,37,734,0.34,0.6663120473771246,17.680085958226176,22.406643808584487,6.736895295332823,15.791663894653318,32.564293243408216,53.81891003417971
4,Southwest Phelps,Spatial_Cluster_Holdout,Spatial_Cold_Start,A1,A1 — Geographic + Elevation,3,XGBoost,133,37,37,0.34,0.6160066114089978,19.53356611509581,23.166078501589247,11.197722976272171,19.728985748291016,32.55062478637694,42.11774108886713
4,Southwest Phelps,Spatial_Cluster_Holdout,Spatial_Overall_Test,A1,A1 — Geographic + Elevation,3,LightGBM,133,37,771,0.59,-1.961853058358645,54.41880430740805,66.65151563606666,50.78581927430865,40.30549271886665,107.44592050468546,131.18643736953277
4,Southwest Phelps,Spatial_Cluster_Holdout,Spatial_Warm_Start,A1,A1 — Geographic + Elevation,3,LightGBM,133,37,734,0.59,-1.9561829812546172,54.412381863813984,66.6917637331684,50.71825263192719,40.181415394180384,107.46198157423738,131.24169998009936
4,Southwest Phelps,Spatial_Cluster_Holdout,Spatial_Cold_Start,A1,A1 — Geographic + Elevation,3,LightGBM,133,37,37,0.59,-2.1024430850940736,54.54621170194997,65.8479959110984,52.12619536911909,40.91549271886665,104.52286488975963,117.38874536940718
4,Southwest Phelps,Spatial_Cluster_Holdout,Spatial_Overall_Test,A2,A2 — Environmental,8,Random Forest,133,37,771,0.77,0.18117955304361855,24.052019527703614,35.04472163764938,14.17584867457347,12.626878749999975,71.34443527777836,84.72510267857076
4,Southwest Phelps,Spatial_Cluster_Holdout,Spatial_Warm_Start,A2,A2 — Environmental,8,Random Forest,133,37,734,0.77,0.18229707506069615,24.060908248067964,35.07553648488368,14.100136252452518,12.647197693452407,71.41875799999995,84.68880099999923
4,Southwest Phelps,Spatial_Cluster_Holdout,Spatial_Cold_Start,A2,A2 — Environmental,8,Random Forest,133,37,37,0.77,0.1519230476375012,23.875686534529624,34.42772145970056,15.677819426918797,12.491570029761897,55.223040285714276,79.96526216991343
4,Southwest Phelps,Spatial_Cluster_Holdout,Spatial_Overall_Test,A2,A2 — Environmental,8,XGBoost,133,37,771,0.47,0.6696878750480071,17.906317135901148,22.258225252563534,7.283340542369007,14.909053497314453,33.48680221557617,53.7301335144043
4,Southwest Phelps,Spatial_Cluster_Holdout,Spatial_Warm_Start,A2,A2 — Environmental,8,XGBoost,133,37,734,0.47,0.6677267708102419,18.017720649885547,22.359095082780183,7.323634536597645,14.99988182067871,33.48235609436035,53.68576417541505
4,Southwest Phelps,Spatial_Cluster_Holdout,Spatial_Cold_Start,A2,A2 — Environmental,8,XGBoost,133,37,37,0.47,0.7093953442826426,15.696312290913351,20.15310344338579,6.483994819022514,12.705564498901367,30.192579223632805,38.67211627197258
4,Southwest Phelps,Spatial_Cluster_Holdout,Spatial_Overall_Test,A2,A2 — Environmental,8,LightGBM,133,37,771,0.55,0.4591846091220483,24.502943196042132,28.480840161199882,20.00426042732779,21.962242603126896,46.74686846728976,49.41468608625588
4,Southwest Phelps,Spatial_Cluster_Holdout,Spatial_Warm_Start,A2,A2 — Environmental,8,LightGBM,133,37,734,0.55,0.4639894822652363,24.47229338253004,28.398356219507804,19.948365990956464,21.9611422945634,46.29830190140812,49.032650415075885
4,Southwest Phelps,Spatial_Cluster_Holdout,Spatial_Cold_Start,A2,A2 — Environmental,8,LightGBM,133,37,37,0.55,0.35301003639969464,25.110969226254877,30.07041501789126,21.113085192099536,21.98156064495032,51.416042831266196,53.538882192772306
4,Southwest Phelps,Spatial_Cluster_Holdout,Spatial_Overall_Test,A3,A3 — Environmental + History,20,Random Forest,133,37,771,1.47,0.9009269592982466,6.200267287150258,12.19006500029518,4.687103623540845,2.040974999999957,22.63973833333334,32.30505312499989
4,Southwest Phelps,Spatial_Cluster_Holdout,Spatial_Warm_Start,A3,A3 — Environmental + History,20,Random Forest,133,37,734,1.47,0.9184900910243678,5.621726949769678,11.07418439944113,4.293767982272599,1.8939625000000664,21.684795000000214,30.70081981249986
4,Southwest Phelps,Spatial_Cluster_Holdout,Spatial_Cold_Start,A3,A3 — Environmental + History,20,Random Forest,133,37,37,1.47,0.5251911429280228,17.67725668275417,25.760248965187394,12.490032290862253,11.601359999999971,47.77339374999971,62.848664999999734
4,Southwest Phelps,Spatial_Cluster_Holdout,Spatial_Overall_Test,A3,A3 — Environmental + History,20,XGBoost,133,37,771,0.92,0.9655619530722794,4.184714748911976,7.186998131657716,2.506101887031288,2.2062231445312506,11.20389831542969,16.207134704589844
4,Southwest Phelps,Spatial_Cluster_Holdout,Spatial_Warm_Start,A3,A3 — Environmental + History,20,XGBoost,133,37,734,0.92,0.9787306358447445,3.638242330213334,5.656969017685642,2.4043443058232197,2.0722562408447285,9.98435841369629,14.652235885620119
4,Southwest Phelps,Spatial_Cluster_Holdout,Spatial_Cold_Start,A3,A3 — Environmental + History,20,XGBoost,133,37,37,0.92,0.684100829530011,15.025545973906643,21.01187908454666,4.524752281807564,12.292610168457031,23.249024078369136,36.35600207519514
4,Southwest Phelps,Spatial_Cluster_Holdout,Spatial_Overall_Test,A3,A3 — Environmental + History,20,LightGBM,133,37,771,0.64,0.9400328604317049,4.8000658791107185,9.483855798962953,3.684179057573693,1.8292128106842682,13.719248486736262,27.70428530607955
4,Southwest Phelps,Spatial_Cluster_Holdout,Spatial_Warm_Start,A3,A3 — Environmental + History,20,LightGBM,133,37,734,0.64,0.957029156408993,4.046215532370497,8.040693108351698,3.2504895109361613,1.7141112267338485,7.628580864568986,26.09401760028112
4,Southwest Phelps,Spatial_Cluster_Holdout,Spatial_Cold_Start,A3,A3 — Environmental + History,20,LightGBM,133,37,37,0.64,0.5766599990192975,19.754826811741072,24.324017289308067,12.28764195573445,17.70987760720842,37.97316174687,45.344842600671655
4,Southwest Phelps,Spatial_Cluster_Holdout,Spatial_Overall_Test,A4,A4 — Environmental + History + Quality Proxies,24,Random Forest,133,37,771,1.62,0.8981521453818938,6.336189138178607,12.359594368596412,4.877708685303551,2.0874749999999835,23.134593750000036,32.66188958333319
4,Southwest Phelps,Spatial_Cluster_Holdout,Spatial_Warm_Start,A4,A4 — Environmental + History + Quality Proxies,24,Random Forest,133,37,734,1.62,0.9155170245743209,5.763459421143107,11.274340506831466,4.48666330965355,1.97702500000001,21.711533750000033,31.785557499999992
4,Southwest Phelps,Spatial_Cluster_Holdout,Spatial_Cold_Start,A4,A4 — Environmental + History + Quality Proxies,24,Random Forest,133,37,37,1.62,0.5266320038952375,17.697908389639615,25.721133078473027,12.635203434684636,12.027602499999956,48.42944499999965,62.75499099999965
4,Southwest Phelps,Spatial_Cluster_Holdout,Spatial_Overall_Test,A4,A4 — Environmental + History + Quality Proxies,24,XGBoost,133,37,771,0.93,0.9755721556277487,3.425661706590467,6.053002418658309,1.6431542770840932,1.9545361328124997,8.689065933227539,11.37205612182617
4,Southwest Phelps,Spatial_Cluster_Holdout,Spatial_Warm_Start,A4,A4 — Environmental + History + Quality Proxies,24,XGBoost,133,37,734,0.93,0.9884149187947072,2.876826749380668,4.174996232171153,1.5703015124245627,1.8552872085571277,7.6695612487793,9.901743927001965
4,Southwest Phelps,Spatial_Cluster_Holdout,Spatial_Cold_Start,A4,A4 — Environmental + History + Quality Proxies,24,XGBoost,133,37,37,0.93,0.7011373688170826,14.313360587455131,20.43743825958722,3.0883956084380286,12.494890441894526,21.202725463867182,35.67784960937483
4,Southwest Phelps,Spatial_Cluster_Holdout,Spatial_Overall_Test,A4,A4 — Environmental + History + Quality Proxies,24,LightGBM,133,37,771,0.64,0.9389699094638269,5.063399084146461,9.567539905666306,2.5978088852687695,2.034980051996854,12.80363473211925,27.653734689760807
4,Southwest Phelps,Spatial_Cluster_Holdout,Spatial_Warm_Start,A4,A4 — Environmental + History + Quality Proxies,24,LightGBM,133,37,734,0.64,0.9525459189626423,4.441801417056823,8.449739701784235,2.240971774964693,1.8661197322784702,9.255151268745664,27.166099706889845
4,Southwest Phelps,Spatial_Cluster_Holdout,Spatial_Cold_Start,A4,A4 — Environmental + History + Quality Proxies,24,LightGBM,133,37,37,0.64,0.6486347341824099,17.39455280424902,22.160015701026115,9.676685614003691,15.590894195317924,32.88387428906541,39.60654061272301
