Stress_Type,Target_Modality,Degradation_Rate,Configuration,Clean_RMSE,Degraded_RMSE,Relative_Degradation_RMSE,Clean_MAE,Degraded_MAE,Relative_Degradation_MAE,R2,P90_AE,P95_AE
Clean_Baseline,None,0.0,C0,19.12694349076697,19.12694349076697,0.0,6.9024422005944,6.9024422005944,0.0,0.850844699405197,7.504558975507782,72.28324164480608
Clean_Baseline,None,0.0,C2,7.357046861989162,7.357046861989162,0.0,3.5106572980323616,3.5106572980323616,0.0,0.9779324262408811,7.363328291887825,13.912293076494352
Clean_Baseline,None,0.0,A6,7.782877422385864,7.782877422385864,0.0,3.5427676756173296,3.5427676756173296,0.0,0.9753039256958473,7.931779906505346,17.260524470545917
Pointwise_Missingness,Weather (Modality B),0.2,C0,19.12694349076697,19.211850241481912,0.004439117559788333,6.9024422005944,6.973140025209296,0.010242436308819417,0.8495175243579265,7.5608053189510995,73.35316428954926
Pointwise_Missingness,Weather (Modality B),0.2,C2,7.357046861989162,8.930036434741671,0.21380719767866369,3.5106572980323616,4.744010415373417,0.35131686537228224,0.9674872276054908,8.527543586946818,15.564727225671977
Pointwise_Missingness,Weather (Modality B),0.2,A6,7.782877422385864,8.463881964773956,0.0875003556434437,3.5427676756173296,4.403313033161624,0.24290200101657644,0.9707930142707081,9.320339904602074,19.923536793441148
Pointwise_Missingness,Weather (Modality B),0.4,C0,19.12694349076697,19.28449963208917,0.008237392524229281,6.9024422005944,7.075429516172442,0.025061755035506884,0.84837727701049,7.617952571177502,73.39709004850211
Pointwise_Missingness,Weather (Modality B),0.4,C2,7.357046861989162,11.030993850459325,0.4993779511521038,3.5106572980323616,6.664399732684937,0.8983338921802968,0.9503891318295482,15.120463105171488,25.00528806403441
Pointwise_Missingness,Weather (Modality B),0.4,A6,7.782877422385864,10.159872288227088,0.30541337565002397,3.5427676756173296,6.411973352465183,0.8098768927454133,0.9579153189855636,12.550568639433694,24.913354205624056
Pointwise_Missingness,Weather (Modality B),0.6,C0,19.12694349076697,19.367004309727538,0.01255092425386479,6.9024422005944,7.145478091564052,0.03521013054607293,0.8470771298524623,7.617952571177502,74.61154088235259
Pointwise_Missingness,Weather (Modality B),0.6,C2,7.357046861989162,11.738831638327861,0.5955901679759008,3.5106572980323616,8.251037761507973,1.3502828846701955,0.9438179877760305,18.878964017267503,24.866767722810618
Pointwise_Missingness,Weather (Modality B),0.6,A6,7.782877422385864,10.264434636129302,0.31884829723846647,3.5427676756173296,7.122232152531221,1.0103582296827203,0.9570446156727104,15.491847880910823,20.101339351953946
Pointwise_Missingness,Groundwater History (Modality A),0.2,C0,19.12694349076697,19.89173641706014,0.03998510931254414,6.9024422005944,8.890857776628676,0.28807420884495705,0.8386782465755127,16.24313763709415,71.36864146127942
Pointwise_Missingness,Groundwater History (Modality A),0.2,C2,7.357046861989162,11.473319223725614,0.5595006310213327,3.5106572980323616,6.444358575787166,0.8356558412577247,0.9463307289655526,16.663710318526505,25.124852944326037
Pointwise_Missingness,Groundwater History (Modality A),0.2,A6,7.782877422385864,16.312734439999204,1.09597730436804,3.5427676756173296,8.01073214950858,1.2611508523806052,0.8915071608037985,22.37316764117865,37.15870048839829
Pointwise_Missingness,Groundwater History (Modality A),0.4,C0,19.12694349076697,21.17789242309462,0.1072282632778045,6.9024422005944,11.099722396275498,0.6080862503013282,0.8171423989251091,26.956844417625142,69.1695857033625
Pointwise_Missingness,Groundwater History (Modality A),0.4,C2,7.357046861989162,15.53033725930655,1.1109471708744199,3.5106572980323616,9.715249662598694,1.7673591689065908,0.9016647296290606,23.955893683040536,37.06118863040792
Pointwise_Missingness,Groundwater History (Modality A),0.4,A6,7.782877422385864,23.065773614683895,1.9636562883978987,3.5427676756173296,13.01901794242213,2.674815605895907,0.7830879930865136,33.802452593191745,51.956099242483084
Pointwise_Missingness,Groundwater History (Modality A),0.6,C0,19.12694349076697,22.041437042461204,0.15237633514738677,6.9024422005944,12.657191761751502,0.8337265845792282,0.8019260538266426,36.54853042811556,66.95334308917045
Pointwise_Missingness,Groundwater History (Modality A),0.6,C2,7.357046861989162,18.863514016604643,1.5640062338143677,3.5106572980323616,12.550378341569202,2.57493690671641,0.8549249461854813,32.27746216049754,45.40645497865147
Pointwise_Missingness,Groundwater History (Modality A),0.6,A6,7.782877422385864,27.179121374606382,2.4921687570757785,3.5427676756173296,17.001683910747985,3.7989835821750377,0.698825381904306,40.52530878967697,76.35827885574223
Complete_Source_Outage,Weather Outage (Modality B = 0),1.0,C0,19.12694349076697,19.56202703880792,0.02274715498851007,6.9024422005944,7.311098126073735,0.05920454146564868,0.8439818040416087,7.88835787820416,75.2831685704212
Complete_Source_Outage,Weather Outage (Modality B = 0),1.0,C2,7.357046861989162,19.399865227129958,1.6369092913300702,3.5106572980323616,15.678873489879706,3.4660791865578378,0.8465577465797254,30.688108931574615,35.81596795738047
Complete_Source_Outage,Weather Outage (Modality B = 0),1.0,A6,7.782877422385864,17.299698128741507,1.2227894890111521,3.5427676756173296,13.71085284919673,2.870096519046399,0.8779818061732803,23.898969065586424,37.13983621763277
Complete_Source_Outage,Groundwater Temporal Outage (Modality A = 0),1.0,C0,19.12694349076697,22.747733656711652,0.18930312455267748,6.9024422005944,15.508643501928775,1.2468342437685687,0.7890284899396447,45.760213507782815,56.92801458883254
Complete_Source_Outage,Groundwater Temporal Outage (Modality A = 0),1.0,C2,7.357046861989162,25.32694021036483,2.442541645509793,3.5106572980323616,16.73767985335762,3.7676769426450947,0.7384751315140765,44.30414429693086,53.392749944007484
Complete_Source_Outage,Groundwater Temporal Outage (Modality A = 0),1.0,A6,7.782877422385864,25.27935004761589,2.2480724898615234,3.5427676756173296,16.6557093409389,3.7013270036219996,0.7394570359775899,44.16801825003532,50.229420910276914
