Feature,Feature_Block,XGBoost_A3_Mean_Abs_SHAP,RandomForest_A3_Mean_Abs_SHAP,XGBoost_A4_Mean_Abs_SHAP
Previous_WatLevel,Observation_History,15.4459,27.16,15.9604
Rolling_Mean_3,Observation_History,13.0054,6.5414,11.1571
Historical_Min,Observation_History,12.006,4.0768,9.6553
Historical_Mean,Observation_History,6.4058,14.9688,8.7255
LatDD,Geography,5.4803,3.585,5.5685
Historical_Max,Observation_History,5.2276,2.8955,5.9472
Surf_Elev,Topography,3.5908,2.9847,3.8231
LongDD,Geography,0.419,0.1387,0.4724
Annual_Precipitation_Total,Climate,0.4103,0.092,0.419
Annual_Humidity_Mean,Climate,0.3688,0.1324,0.3574
Days_Since_Previous,Observation_History,0.338,0.0483,0.3299
Previous2_WatLevel,Observation_History,0.2858,0.1775,0.3037
Previous_Level_Change,Observation_History,0.185,0.0292,0.2015
Annual_WindSpeed_Mean,Climate,0.1667,0.0461,0.1375
Annual_Temperature_Mean,Climate,0.1445,0.0467,0.1294
Rolling_Std_3,Observation_History,0.1364,0.0668,0.1219
Recent_Trend,Observation_History,0.1243,0.0524,0.1183
Annual_SolarRadiation_Mean,Climate,0.1128,0.0476,0.1185
Historical_Std,Observation_History,0.0879,0.0406,0.0858
Years_Since_Previous,Observation_History,0.0807,0.0458,0.0737
Previous_Observation_Count,Observation_Quality,0.0,0.0,0.1031
Observation_Density,Observation_Quality,0.0,0.0,0.0391
Long_Gap_Flag,Observation_Quality,0.0,0.0,0.0
Very_Long_Gap_Flag,Observation_Quality,0.0,0.0,0.0
