Feature,Feature_Block,Warm_Start_Mean_Absolute_SHAP,Warm_Start_Attribution_Pct,Cold_Start_Mean_Absolute_SHAP,Cold_Start_Attribution_Pct,Attribution_Shift_Pct
Previous_WatLevel,Observation_History,19.5114,30.74,9.8913,16.04,-14.7
Rolling_Mean_3,Observation_History,9.936,15.66,4.726,7.66,-8.0
Historical_Max,Observation_History,9.6107,15.14,4.9977,8.1,-7.040000000000001
Historical_Min,Observation_History,6.781,10.68,3.3864,5.49,-5.1899999999999995
Historical_Mean,Observation_History,6.2807,9.9,3.0593,4.96,-4.94
LatDD,Geography,5.4622,8.61,17.0804,27.69,19.080000000000002
Surf_Elev,Topography,3.0246,4.77,13.167,21.35,16.580000000000002
LongDD,Geography,0.5489,0.86,2.4611,3.99,3.1300000000000003
Annual_Humidity_Mean,Climate,0.368,0.58,0.226,0.37,-0.20999999999999996
Annual_Precipitation_Total,Climate,0.3593,0.57,0.2643,0.43,-0.13999999999999996
Days_Since_Previous,Observation_History,0.3228,0.51,0.996,1.61,1.1
Previous2_WatLevel,Observation_History,0.2831,0.45,0.1992,0.32,-0.13
Previous_Level_Change,Observation_History,0.168,0.26,0.0984,0.16,-0.1
Annual_WindSpeed_Mean,Climate,0.1384,0.22,0.1154,0.19,-0.03
Annual_SolarRadiation_Mean,Climate,0.1362,0.21,0.183,0.3,0.09
Annual_Temperature_Mean,Climate,0.1348,0.21,0.2029,0.33,0.12000000000000002
Recent_Trend,Observation_History,0.1214,0.19,0.1504,0.24,0.04999999999999999
Rolling_Std_3,Observation_History,0.1046,0.16,0.0997,0.16,0.0
Historical_Std,Observation_History,0.0869,0.14,0.08,0.13,-0.010000000000000009
Years_Since_Previous,Observation_History,0.0854,0.13,0.2903,0.47,0.33999999999999997
