Feature,Feature_Block,Mean_Absolute_SHAP,Std_Absolute_SHAP,Median_Absolute_SHAP,P90_Absolute_SHAP,Attribution_Share_Pct,Mean_Signed_SHAP
Previous_WatLevel,Observation_History,19.0914,12.746,17.7075,38.15,30.12,4.0796
Rolling_Mean_3,Observation_History,9.7085,6.2561,8.3005,19.083,15.32,2.8117
Historical_Max,Observation_History,9.4093,7.5428,7.0307,20.5298,14.84,1.3017
Historical_Min,Observation_History,6.6328,5.7476,5.0349,13.5016,10.46,0.7655
Historical_Mean,Observation_History,6.1401,5.029,5.3124,12.4089,9.69,1.3851
LatDD,Geography,5.9694,7.5807,2.964,16.9497,9.42,3.306
Surf_Elev,Topography,3.4674,3.9222,2.018,7.8284,5.47,0.6046
LongDD,Geography,0.6324,0.7383,0.4429,1.3517,1.0,0.2262
Annual_Humidity_Mean,Climate,0.3618,0.2269,0.3373,0.6748,0.57,0.0139
Annual_Precipitation_Total,Climate,0.3552,0.2094,0.336,0.6226,0.56,0.007
Days_Since_Previous,Observation_History,0.3522,0.3881,0.234,0.8239,0.56,0.0451
Previous2_WatLevel,Observation_History,0.2794,0.2489,0.1977,0.675,0.44,0.0166
Previous_Level_Change,Observation_History,0.165,0.1395,0.1389,0.3168,0.26,0.0031
Annual_SolarRadiation_Mean,Climate,0.1383,0.1394,0.0919,0.3345,0.22,-0.0044
Annual_Temperature_Mean,Climate,0.1378,0.1081,0.1188,0.266,0.22,0.021
Annual_WindSpeed_Mean,Climate,0.1374,0.1311,0.1038,0.2884,0.22,0.0073
Recent_Trend,Observation_History,0.1227,0.1546,0.0796,0.2655,0.19,-0.0165
Rolling_Std_3,Observation_History,0.1044,0.1151,0.0779,0.2139,0.16,-0.0024
Years_Since_Previous,Observation_History,0.0943,0.1113,0.0579,0.2296,0.15,0.0102
Historical_Std,Observation_History,0.0866,0.0893,0.0654,0.1757,0.14,-0.0137
