CSD_ID,Split
403520099201601,TRAIN
403350099282702,TRAIN
402115099213100,TRAIN
403163099379201,TRAIN
403408099130502,TRAIN
404007099250701,TRAIN
404007099351901,TRAIN
402532099222601,TRAIN
402851099130101,TRAIN
403348099114401,TRAIN
403350099282701,TRAIN
403117099261901,TRAIN
403454099304801,TRAIN
403123099261501,TRAIN
402532099222602,TRAIN
402802099285801,TRAIN
403739099293601,TRAIN
403029099130401,TRAIN
402404099383400,TRAIN
402406099311800,TRAIN
403507099234101,TRAIN
402334099293301,TRAIN
402233099341700,TRAIN
402853099104601,TRAIN
403739099281601,TRAIN
402756099270601,TRAIN
403125099295701,TRAIN
403138099190801,TRAIN
402159099301600,TRAIN
403037099135301,TRAIN
402945099151900,TRAIN
403506099350101,TRAIN
402649099350602,TRAIN
08N 20W 06 AAA,TRAIN
402342099143300,TRAIN
403738099181101,TRAIN
402649099350601,TRAIN
402107099262000,TRAIN
403710099104602,TRAIN
402854099213801,TRAIN
403453099190801,TRAIN
403217099235801,TRAIN
403959099282801,TRAIN
402853099152001,TRAIN
403137099330201,TRAIN
403104099130201,TRAIN
402843099192001,TRAIN
402813099382100,TRAIN
403831099173502,TRAIN
403902099313701,TRAIN
403822099324501,TRAIN
403928099333601,TRAIN
403132099381001,TRAIN
402301099272901,TRAIN
403941099331901,TRAIN
402423099152001,TRAIN
403327099192302,TRAIN
402636099271802,TRAIN
403230099195901,TRAIN
402854099213802,TRAIN
403431099362101,TRAIN
403638099154301,TRAIN
402952099161701,TRAIN
402900099150901,TRAIN
403645099242702,TRAIN
402458099344402,TRAIN
403433099250001,TRAIN
403248099315201,TRAIN
403927099293501,TRAIN
403315099351502,TRAIN
403322099254101,TRAIN
402200099160700,TRAIN
403738099181102,TRAIN
402124099201601,TRAIN
404007099252401,TRAIN
403309099270601,TRAIN
403037099313401,TRAIN
403858099305101,TRAIN
403730099373501,TRAIN
403014099213701,TRAIN
403224099261801,TRAIN
402320099231001,TRAIN
403210099194201,TRAIN
403540099260001,TRAIN
403540099260002,TRAIN
404059099383501,TRAIN
404016099370201,TRAIN
403922099223301,TRAIN
403453099322801,TRAIN
403518099235901,TRAIN
404007099294001,TRAIN
402326099185300,TRAIN
402854099213803,TRAIN
402458099344401,TRAIN
402435099262900,TRAIN
403335099150901,TRAIN
402952099114401,TRAIN
403959099282802,TRAIN
402609099350800,TRAIN
403625099361001,TRAIN
402835099281401,TRAIN
402334099293302,TRAIN
402636099271801,TRAIN
403954099335301,TRAIN
403453099141801,TRAIN
403322099264901,TRAIN
404006099282401,TRAIN
403309099281401,TRAIN
403316099202901,TRAIN
403328099181202,TRAIN
403309099250701,TRAIN
403954099255801,TRAIN
402756099320601,TRAIN
403322099371801,TRAIN
403226099345801,TRAIN
402853099135102,TRAIN
403124099152601,TRAIN
403810099281401,TRAIN
402110099140001,TRAIN
403322099210701,TRAIN
402919099104601,TRAIN
403903099214302,TRAIN
403322099264902,TRAIN
403832099293501,TRAIN
403710099104601,TRAIN
402853099135101,TRAIN
403941099342701,TRAIN
403644099350001,TRAIN
404102099373002,TRAIN
G-189411Deep,TRAIN
402716099212401,TRAIN
403625099315401,TRAIN
403949099293501,TRAIN
402513099164801,TRAIN
404020099355301,TRAIN
403831099173501,TRAIN
403315099351501,TEST
402906099342201,TEST
403903099214301,TEST
402905099115301,TEST
403037099111401,TEST
403316099192301,TEST
G-187841Deep,TEST
403322099201601,TEST
403946099383201,TEST
403336099225701,TEST
402524099201601,TEST
403558099371801,TEST
403408099130501,TEST
403217099312001,TEST
403507099254101,TEST
403928099371801,TEST
402821099282901,TEST
404040099383501,TEST
403646099293301,TEST
404033099373001,TEST
402703099150901,TEST
402532099235801,TEST
402924099235501,TEST
402630099305500,TEST
402421099112000,TEST
402340099353701,TEST
403915099190801,TEST
403645099242701,TEST
403651099281401,TEST
403322099272302,TEST
403138099235801,TEST
403322099304801,TEST
403322099254102,TEST
404102099373001,TEST
