Configuration,Model,Seeds_Evaluated,MAE_Mean,MAE_Std,RMSE_Mean,RMSE_Std,R2_Mean,R2_Std,MedAE_Mean,MedAE_Std
SET_1_History,LightGBM,10,1.346,0.0954,2.1215,0.3301,0.392,0.0794,0.9145,0.0454
SET_1_History,Random Forest,10,1.2636,0.1021,2.0426,0.3326,0.4366,0.0811,0.8337,0.0598
SET_1_History,XGBoost,10,1.3286,0.1013,2.1043,0.3289,0.4016,0.0814,0.9034,0.0509
SET_4_Precip,LightGBM,10,1.0701,0.092,1.8675,0.3526,0.529,0.0923,0.6592,0.0357
SET_4_Precip,Random Forest,10,1.0079,0.095,1.8128,0.3637,0.5563,0.096,0.5992,0.0428
SET_4_Precip,XGBoost,10,1.0568,0.0844,1.8595,0.3491,0.5332,0.0896,0.6532,0.0349
SET_5_Full,LightGBM,10,1.0525,0.0914,1.8378,0.3507,0.5442,0.0898,0.6541,0.0439
SET_5_Full,Random Forest,10,1.0122,0.0939,1.8268,0.3595,0.5495,0.0943,0.5849,0.0363
SET_5_Full,XGBoost,10,1.0352,0.0946,1.8369,0.3562,0.5443,0.0937,0.6208,0.0324
