Regime,Configuration,Model,Train_Obs,Val_Obs,Test_Obs,Val_MAE,Val_RMSE,Val_R2,Test_MAE,Test_RMSE,Test_R2,Test_MedAE
Temporal,SET_1_History,Random Forest,3086,408,180,2.3111,3.0204,0.3007,1.4169,1.9096,0.0427,1.0783
Temporal,SET_1_History,XGBoost,3086,408,180,2.3224,3.1114,0.2579,1.3421,1.8287,0.1221,1.0424
Temporal,SET_1_History,LightGBM,3086,408,180,2.3064,3.1169,0.2553,1.3624,1.866,0.0859,1.0457
Temporal,SET_4_Precip,Random Forest,3086,408,180,2.224,3.0139,0.3037,1.2064,1.7072,0.2349,0.8315
Temporal,SET_4_Precip,XGBoost,3086,408,180,2.2783,3.1097,0.2587,1.1989,1.6696,0.2682,0.8973
Temporal,SET_4_Precip,LightGBM,3086,408,180,2.0792,2.9319,0.341,1.1564,1.6294,0.303,0.8495
Temporal,SET_5_Full,Random Forest,3086,408,180,2.3755,3.2314,0.1996,1.3488,1.8215,0.129,1.0323
Temporal,SET_5_Full,XGBoost,3086,408,180,2.2036,3.0637,0.2805,1.3407,1.7722,0.1755,1.1118
Temporal,SET_5_Full,LightGBM,3086,408,180,2.1237,2.9682,0.3246,1.2863,1.7125,0.2301,0.9309
