Alpha_Reliability_Power,Beta_Observability_Power,Model,R2,MAE,RMSE,Median_AE,P90_AE,P95_AE,Mean_Error,Pearson_r
0.5,0.5,LightGBM,0.9807454828226267,3.0425011292185946,6.872148654501021,1.6624141575050615,5.953754671482174,8.828032363457393,-0.23218351700842818,0.9905427011256227
0.5,0.5,XGBoost,0.988233356740319,3.0125342337699044,5.372204326924854,1.6884095764160154,7.502736850738528,11.637138542175295,0.721178732923493,0.9942060610940174
0.5,0.5,Random Forest,0.9839674175716155,3.316181466443258,6.270872484231637,2.0628583333332884,7.086872083333268,9.358244514880997,-0.5761363379085647,0.9920473980504328
1.0,1.0,LightGBM,0.9779324262408811,3.5106572980323616,7.357046861989162,1.7385737886063737,7.363328291887825,13.912293076494352,0.9439346267687022,0.9891861178355214
1.0,1.0,XGBoost,0.9869125441295358,2.9638345368784926,5.665703512889663,1.970405502319334,5.674505455017091,7.460049736022946,0.09482138101729767,0.9934385130409229
1.0,1.0,Random Forest,0.9844832527184882,3.4508697156169545,6.169167647652623,2.259750000000029,7.191668750000069,9.585709249999965,0.752357526242492,0.992329800489341
2.0,1.0,LightGBM,0.9758721462492574,3.6728856529688323,7.692820072111173,1.760496074932945,7.546120944620209,15.549240901356637,1.0510177796541407,0.9882915951263628
2.0,1.0,XGBoost,0.9869445189282031,2.902418651016941,5.658778159443314,1.8377383613586415,5.685106170654302,8.1152353439331,0.3662128248680528,0.9934791866350691
2.0,1.0,Random Forest,0.9848333759331642,3.354316101037447,6.099169319208209,2.1967375000000287,7.087115916666557,9.191130749999997,0.6673077625015236,0.992479623080745
1.0,2.0,LightGBM,0.9753187172503583,3.864018831772672,7.780546321152623,1.970448359255471,8.77719305742758,14.70898088614226,0.6240459203980945,0.9880502153473941
1.0,2.0,XGBoost,0.9854240300182631,3.310211568172916,5.979225897574925,1.9323612213134744,7.303352416992192,10.760643024444581,0.3766388935417627,0.9927414724416129
1.0,2.0,Random Forest,0.9804600566276714,3.901030419114937,6.922897146203288,2.3791625000000067,8.596805833333354,12.143980000000056,0.8555190665932146,0.9903325812105992
2.0,2.0,LightGBM,0.9749099956132596,3.9442824514961834,7.844704656208752,2.0249439555435558,9.188095304208577,13.779955841521508,0.8821123625627754,0.9878694525687121
2.0,2.0,XGBoost,0.9866982921794065,3.2000300429228954,5.711891260042817,1.9589482116699273,7.047396003723148,9.397401008605955,0.3893703773272988,0.9933686194452886
2.0,2.0,Random Forest,0.9797912658117311,3.9728611899406236,7.040374879854804,2.3352499999999807,8.921684999999988,12.782305000000068,0.8457141623056689,0.9899921523844263
