Feature,Feature_Block,Low_Error_Mean_Abs_SHAP,High_Error_P90_Mean_Abs_SHAP,Extreme_Error_P95_Mean_Abs_SHAP,Delta_Abs_SHAP_High_vs_Low,Low_Error_Feature_Mean,High_Error_Feature_Mean
LatDD,Geography,4.0436,16.1559,20.4846,12.1123,40.537,40.437
Rolling_Mean_3,Observation_History,9.3095,13.2002,13.7831,3.8907,63.091,138.493
Historical_Max,Observation_History,9.0067,12.4472,10.0599,3.4405,66.015,142.375
Surf_Elev,Topography,2.7244,6.162,7.5152,3.4375,2326.259,2345.504
Historical_Min,Observation_History,6.7209,8.44,8.4013,1.7192,59.388,135.061
Historical_Mean,Observation_History,6.1309,7.6017,6.1758,1.4707,62.683,138.56
Previous_WatLevel,Observation_History,19.6581,20.6899,19.1803,1.0317,63.199,138.376
LongDD,Geography,0.501,1.3038,1.5521,0.8028,-99.426,-99.412
Previous2_WatLevel,Observation_History,0.2498,0.4577,0.4514,0.208,63.591,139.403
Days_Since_Previous,Observation_History,0.3333,0.4258,0.4527,0.0924,282.274,253.098
Years_Since_Previous,Observation_History,0.0853,0.1509,0.1735,0.0655,0.773,0.693
Annual_Temperature_Mean,Climate,0.1333,0.151,0.1627,0.0177,11.312,11.392
Rolling_Std_3,Observation_History,0.0995,0.1132,0.1151,0.0137,1.483,1.559
Previous_Level_Change,Observation_History,0.161,0.1702,0.1738,0.0092,0.107,-0.149
Recent_Trend,Observation_History,0.1189,0.1266,0.1306,0.0076,10.85,3.904
Historical_Std,Observation_History,0.0831,0.0875,0.0842,0.0044,2.201,2.146
Annual_WindSpeed_Mean,Climate,0.1276,0.1245,0.1142,-0.0031,3.506,3.505
Annual_SolarRadiation_Mean,Climate,0.1401,0.1217,0.1143,-0.0184,16.312,16.331
Annual_Precipitation_Total,Climate,0.3591,0.3204,0.3097,-0.0387,639.56,633.226
Annual_Humidity_Mean,Climate,0.3839,0.2984,0.2808,-0.0855,63.432,62.713
