Feature,Feature_Block,Warm_Start_Mean_Absolute_SHAP,Warm_Start_Attribution_Pct
Previous_WatLevel,Observation_History,19.5114,30.74
Rolling_Mean_3,Observation_History,9.936,15.66
Historical_Max,Observation_History,9.6107,15.14
Historical_Min,Observation_History,6.781,10.68
Historical_Mean,Observation_History,6.2807,9.9
LatDD,Geography,5.4622,8.61
Surf_Elev,Topography,3.0246,4.77
LongDD,Geography,0.5489,0.86
Annual_Humidity_Mean,Climate,0.368,0.58
Annual_Precipitation_Total,Climate,0.3593,0.57
Days_Since_Previous,Observation_History,0.3228,0.51
Previous2_WatLevel,Observation_History,0.2831,0.45
Previous_Level_Change,Observation_History,0.168,0.26
Annual_WindSpeed_Mean,Climate,0.1384,0.22
Annual_SolarRadiation_Mean,Climate,0.1362,0.21
Annual_Temperature_Mean,Climate,0.1348,0.21
Recent_Trend,Observation_History,0.1214,0.19
Rolling_Std_3,Observation_History,0.1046,0.16
Historical_Std,Observation_History,0.0869,0.14
Years_Since_Previous,Observation_History,0.0854,0.13
