Experiment,Split,Cohort,N,MAE,RMSE,MedAE,P90_AE,P95_AE,Mean_Error,Conformal_PICP_90,Conformal_CovDev_90,Conformal_MPIW_90,Conformal_MedWidth_90,Conformal_PICP_95,Conformal_CovDev_95,Conformal_MPIW_95,Conformal_MedWidth_95,CQR_PICP_90,CQR_CovDev_90,CQR_MPIW_90,CQR_MedWidth_90,CQR_PICP_95,CQR_CovDev_95,CQR_MPIW_95,CQR_MedWidth_95
Temporal_Holdout,2023_2024,Overall,188,1.5444,2.0975,1.1331,3.4446,4.2899,-0.2125,0.9734,0.0734,11.9486,11.9542,0.9947,0.0447,13.8567,13.8567,0.9894,0.0894,43.4313,41.6834,1.0,0.05,96.5997,94.9634
Temporal_Holdout,2023_2024,Warm_Start,180,1.4822,1.9996,1.107,3.2226,4.0897,-0.3106,0.9778,0.0778,11.9542,11.9542,0.9944,0.0444,13.8567,13.8567,0.9889,0.0889,42.7598,41.6608,1.0,0.05,96.059,94.7082
Temporal_Holdout,2023_2024,Cold_Start,8,2.9448,3.6645,2.2938,5.9379,6.4308,1.9941,0.875,-0.025,11.8231,11.8231,1.0,0.05,13.8567,13.8567,1.0,0.1,58.5393,50.5796,1.0,0.05,108.7667,104.3541
Repeated_Grouped_Well,Pooled_10_Seeds,Overall,7788,4.1423,9.5951,1.4996,9.8927,15.4885,0.0544,0.8659,-0.0341,18.1454,14.1073,0.9145,-0.0355,25.9023,19.96,0.8801,-0.0199,47.0501,44.8377,0.9173,-0.0327,96.2894,94.3653
Repeated_Grouped_Well,Pooled_10_Seeds,Warm_Start,7448,3.7602,8.8347,1.4322,8.8232,14.4298,0.1271,0.8622,-0.0378,14.1115,14.1073,0.913,-0.037,22.2225,19.96,0.8818,-0.0182,45.4739,44.5623,0.9193,-0.0307,95.1821,94.2039
Repeated_Grouped_Well,Pooled_10_Seeds,Cold_Start,340,12.5145,19.9762,7.6371,28.8108,49.6866,-1.5386,0.9471,0.0471,106.5104,80.8502,0.9471,-0.0029,106.5104,80.8502,0.8412,-0.0588,81.5785,74.4808,0.8735,-0.0765,120.5462,116.4764
Repeated_Grouped_Well,Seed_42,Overall,783,6.0521,11.2351,2.1139,15.34,18.8337,-2.1967,0.7701,-0.1299,18.4203,16.6515,0.8697,-0.0803,27.2598,25.8923,0.8825,-0.0175,52.044,47.8702,0.8863,-0.0637,93.733,90.54
Repeated_Grouped_Well,Seed_101,Overall,685,2.7128,5.3075,1.3498,7.644,9.8103,1.0931,0.8818,-0.0182,16.0171,9.3399,0.9226,-0.0274,21.4294,15.0348,0.7766,-0.1234,40.6068,38.2831,0.8891,-0.0609,93.4458,91.328
Repeated_Grouped_Well,Seed_202,Overall,751,8.0408,20.4244,1.3483,13.494,70.3161,6.4498,0.8988,-0.0012,26.2882,23.9387,0.9081,-0.0419,50.6578,49.4638,0.9414,0.0414,45.9594,44.5868,0.9787,0.0287,94.6836,93.2127
Repeated_Grouped_Well,Seed_303,Overall,830,4.9732,10.8255,1.6521,14.0666,19.5557,-0.4163,0.8494,-0.0506,22.6815,14.1073,0.8843,-0.0657,27.1945,18.813,0.9048,0.0048,43.6117,40.3084,0.947,-0.003,97.5118,94.1542
Repeated_Grouped_Well,Seed_404,Overall,741,1.7947,3.2934,1.0973,3.9298,5.3594,-0.611,0.9744,0.0744,17.0043,10.9081,1.0,0.05,24.6534,18.9251,0.8826,-0.0174,41.1568,40.0377,0.9622,0.0122,94.9982,94.0231
Repeated_Grouped_Well,Seed_505,Overall,854,2.8849,5.1088,1.7308,6.113,7.7543,-0.0009,0.9052,0.0052,13.1701,11.3818,0.9754,0.0254,24.5618,23.2459,0.8934,-0.0066,43.6623,39.9497,0.9426,-0.0074,97.2857,94.334
Repeated_Grouped_Well,Seed_606,Overall,786,3.2097,6.4873,1.4322,7.8427,14.2573,-1.4763,0.8664,-0.0336,12.8221,11.0014,0.9186,-0.0314,17.3179,15.7005,0.771,-0.129,45.3922,44.4129,0.7583,-0.1917,92.3484,91.4366
Repeated_Grouped_Well,Seed_707,Overall,867,4.7012,9.3016,1.6102,14.5026,22.2979,0.4316,0.8478,-0.0522,23.2315,18.0017,0.8708,-0.0792,25.6362,20.5046,0.9181,0.0181,56.0439,51.1033,0.9331,-0.0169,101.6699,96.4703
Repeated_Grouped_Well,Seed_808,Overall,779,2.7679,4.6722,1.3704,7.2521,8.4969,-0.629,0.8549,-0.0451,13.4075,10.1008,0.9268,-0.0232,17.9066,14.8051,0.8858,-0.0142,47.9181,45.98,0.9153,-0.0347,97.2108,95.5945
Repeated_Grouped_Well,Seed_909,Overall,712,4.1413,6.7979,1.6568,13.4107,15.6346,-1.9293,0.8146,-0.0854,18.0362,15.2189,0.8708,-0.0792,22.5509,19.96,0.9326,0.0326,53.0414,51.9921,0.9607,0.0107,99.045,98.2332
Spatial_Cluster,Pooled_5_Folds,Overall,3844,5.0557,8.3385,2.769,13.3118,17.7089,0.3533,0.7734,-0.1266,17.702,13.3741,0.8371,-0.1129,22.3924,18.8546,0.7739,-0.1261,47.3165,46.2809,0.789,-0.161,94.9758,95.226
Spatial_Cluster,Pooled_5_Folds,Warm_Start,3674,4.4522,6.6935,2.5763,11.6862,15.9012,0.2355,0.7684,-0.1316,13.5105,13.3741,0.8351,-0.1149,18.4106,18.8546,0.7757,-0.1243,45.7226,45.9171,0.7918,-0.1582,93.8699,95.1616
Spatial_Cluster,Pooled_5_Folds,Cold_Start,170,18.1005,24.5756,13.7779,36.3168,48.5362,2.8997,0.8824,-0.0176,108.2881,128.598,0.8824,-0.0676,108.4464,128.598,0.7353,-0.1647,81.765,80.9947,0.7294,-0.2206,118.8757,117.1877
Spatial_Cluster,Cluster_0_Northwest_Phelps,Overall,648,2.7945,5.484,1.2461,5.5875,16.6223,-0.9595,0.9414,0.0414,23.3062,16.3424,0.9475,-0.0025,27.2803,20.5298,0.9722,0.0722,50.7994,49.9758,0.9506,0.0006,97.0405,95.7596
Spatial_Cluster,Cluster_1_North-Central_Phelps,Overall,759,8.904,12.6252,7.8073,17.57,20.0736,-6.6314,0.4638,-0.4362,14.7109,13.3741,0.5204,-0.4296,17.0659,15.7792,0.3715,-0.5285,43.5203,33.1505,0.6061,-0.3439,90.7989,81.9307
Spatial_Cluster,Cluster_2_East_Phelps,Overall,860,6.7175,9.6131,4.5643,15.9102,19.913,4.8389,0.5872,-0.3128,12.4431,10.208,0.7593,-0.1907,20.7278,18.8546,0.7977,-0.1023,43.9124,43.4077,0.9349,-0.0151,95.5261,94.5739
Spatial_Cluster,Cluster_3_South-Central_Phelps,Overall,806,3.2131,5.4781,2.2707,5.7082,7.3132,2.3368,0.9864,0.0864,21.0757,15.9023,0.9963,0.0463,25.3008,20.3307,0.8362,-0.0638,55.0996,52.8931,0.5422,-0.4078,97.1034,96.1749
Spatial_Cluster,Cluster_4_Southwest_Phelps,Overall,771,3.2406,5.4793,2.1837,6.5917,9.0859,1.2559,0.9222,0.0222,18.2754,12.4751,0.9767,0.0267,22.3444,16.7492,0.9118,0.0118,43.7872,45.3258,0.9287,-0.0213,94.5144,95.2906
