Feature,Feature_Block,Cold_Start_Mean_Absolute_SHAP,Cold_Start_Attribution_Pct
LatDD,Geography,17.0804,27.69
Surf_Elev,Topography,13.167,21.35
Previous_WatLevel,Observation_History,9.8913,16.04
Historical_Max,Observation_History,4.9977,8.1
Rolling_Mean_3,Observation_History,4.726,7.66
Historical_Min,Observation_History,3.3864,5.49
Historical_Mean,Observation_History,3.0593,4.96
LongDD,Geography,2.4611,3.99
Days_Since_Previous,Observation_History,0.996,1.61
Years_Since_Previous,Observation_History,0.2903,0.47
Annual_Precipitation_Total,Climate,0.2643,0.43
Annual_Humidity_Mean,Climate,0.226,0.37
Annual_Temperature_Mean,Climate,0.2029,0.33
Previous2_WatLevel,Observation_History,0.1992,0.32
Annual_SolarRadiation_Mean,Climate,0.183,0.3
Recent_Trend,Observation_History,0.1504,0.24
Annual_WindSpeed_Mean,Climate,0.1154,0.19
Rolling_Std_3,Observation_History,0.0997,0.16
Previous_Level_Change,Observation_History,0.0984,0.16
Historical_Std,Observation_History,0.08,0.13
