CSD_ID,DateMsr,Weather_Cutoff_Date,Precip_30D_Sum,Precip_180D_Sum,Rain_Days_30D,Dry_Spell_Days,Temp_Mean_30D,Radiation_30D_Sum,Has_Precipitation_Drivers,Has_Atmospheric_Drivers,Has_Spatial_Context,Delta_h_Status,RRPI_Inputs_Available
402110099140001,2000-05-01,2000-04-30,37.24,149.08,6.0,0,11.079,626.1700000000001,True,True,True,STRICTLY UNPOPULATED (NaN),YES
402124099201601,2000-05-01,2000-04-30,37.24,149.08,6.0,0,11.079,626.1700000000001,True,True,True,STRICTLY UNPOPULATED (NaN),YES
402340099353701,2000-04-12,2000-04-11,36.18,112.49,4.0,11,7.22,526.68,True,True,True,STRICTLY UNPOPULATED (NaN),YES
402524099201601,2000-04-12,2000-04-11,36.18,112.49,4.0,11,7.22,526.68,True,True,True,STRICTLY UNPOPULATED (NaN),YES
402532099235801,2000-04-28,2000-04-27,19.71,129.45,5.0,3,10.521333333333333,617.8199999999999,True,True,True,STRICTLY UNPOPULATED (NaN),YES
402703099150901,2000-05-01,2000-04-30,37.24,149.08,6.0,0,11.079,626.1700000000001,True,True,True,STRICTLY UNPOPULATED (NaN),YES
402716099212401,2000-04-28,2000-04-27,19.71,129.45,5.0,3,10.521333333333333,617.8199999999999,True,True,True,STRICTLY UNPOPULATED (NaN),YES
402802099285801,2000-04-12,2000-04-11,36.18,112.49,4.0,11,7.22,526.68,True,True,True,STRICTLY UNPOPULATED (NaN),YES
402821099282901,2000-04-15,2000-04-14,29.199999999999996,112.61,3.0,14,8.020999999999999,549.1899999999999,True,True,True,STRICTLY UNPOPULATED (NaN),YES
402843099192001,2000-04-15,2000-04-14,29.199999999999996,112.61,3.0,14,8.020999999999999,549.1899999999999,True,True,True,STRICTLY UNPOPULATED (NaN),YES
402851099130101,2000-04-15,2000-04-14,29.199999999999996,112.61,3.0,14,8.020999999999999,549.1899999999999,True,True,True,STRICTLY UNPOPULATED (NaN),YES
402853099104601,2000-04-15,2000-04-14,29.199999999999996,112.61,3.0,14,8.020999999999999,549.1899999999999,True,True,True,STRICTLY UNPOPULATED (NaN),YES
402853099152001,2000-04-15,2000-04-14,29.199999999999996,112.61,3.0,14,8.020999999999999,549.1899999999999,True,True,True,STRICTLY UNPOPULATED (NaN),YES
402905099115301,2000-04-15,2000-04-14,29.199999999999996,112.61,3.0,14,8.020999999999999,549.1899999999999,True,True,True,STRICTLY UNPOPULATED (NaN),YES
402924099235501,2000-04-15,2000-04-14,29.199999999999996,112.61,3.0,14,8.020999999999999,549.1899999999999,True,True,True,STRICTLY UNPOPULATED (NaN),YES
402945099151900,2000-04-15,2000-04-14,29.199999999999996,112.61,3.0,14,8.020999999999999,549.1899999999999,True,True,True,STRICTLY UNPOPULATED (NaN),YES
402952099161701,2000-05-01,2000-04-30,37.24,149.08,6.0,0,11.079,626.1700000000001,True,True,True,STRICTLY UNPOPULATED (NaN),YES
403014099213701,2000-04-15,2000-04-14,29.199999999999996,112.61,3.0,14,8.020999999999999,549.1899999999999,True,True,True,STRICTLY UNPOPULATED (NaN),YES
403037099313401,2000-04-15,2000-04-14,29.199999999999996,112.61,3.0,14,8.020999999999999,549.1899999999999,True,True,True,STRICTLY UNPOPULATED (NaN),YES
403124099152601,2000-04-15,2000-04-14,29.199999999999996,112.61,3.0,14,8.020999999999999,549.1899999999999,True,True,True,STRICTLY UNPOPULATED (NaN),YES
403125099295701,2000-04-25,2000-04-24,19.39,128.65,5.0,0,9.987,612.02,True,True,True,STRICTLY UNPOPULATED (NaN),YES
403132099381001,2000-04-12,2000-04-11,36.18,112.49,4.0,11,7.22,526.68,True,True,True,STRICTLY UNPOPULATED (NaN),YES
403137099330201,2000-04-25,2000-04-24,19.39,128.65,5.0,0,9.987,612.02,True,True,True,STRICTLY UNPOPULATED (NaN),YES
403138099190801,2000-04-15,2000-04-14,29.199999999999996,112.61,3.0,14,8.020999999999999,549.1899999999999,True,True,True,STRICTLY UNPOPULATED (NaN),YES
403138099235801,2000-04-28,2000-04-27,19.71,129.45,5.0,3,10.521333333333333,617.8199999999999,True,True,True,STRICTLY UNPOPULATED (NaN),YES
403210099194201,2000-04-12,2000-04-11,36.18,112.49,4.0,11,7.22,526.68,True,True,True,STRICTLY UNPOPULATED (NaN),YES
403217099235801,2000-04-12,2000-04-11,36.18,112.49,4.0,11,7.22,526.68,True,True,True,STRICTLY UNPOPULATED (NaN),YES
403217099312001,2000-04-25,2000-04-24,19.39,128.65,5.0,0,9.987,612.02,True,True,True,STRICTLY UNPOPULATED (NaN),YES
403224099261801,2000-04-25,2000-04-24,19.39,128.65,5.0,0,9.987,612.02,True,True,True,STRICTLY UNPOPULATED (NaN),YES
403230099195901,2000-04-28,2000-04-27,19.71,129.45,5.0,3,10.521333333333333,617.8199999999999,True,True,True,STRICTLY UNPOPULATED (NaN),YES
403309099250701,2000-04-25,2000-04-24,19.39,128.65,5.0,0,9.987,612.02,True,True,True,STRICTLY UNPOPULATED (NaN),YES
403309099270601,2000-04-25,2000-04-24,19.39,128.65,5.0,0,9.987,612.02,True,True,True,STRICTLY UNPOPULATED (NaN),YES
403309099281401,2000-04-25,2000-04-24,19.39,128.65,5.0,0,9.987,612.02,True,True,True,STRICTLY UNPOPULATED (NaN),YES
403322099201601,2000-04-28,2000-04-27,19.71,129.45,5.0,3,10.521333333333333,617.8199999999999,True,True,True,STRICTLY UNPOPULATED (NaN),YES
403322099210701,2000-04-28,2000-04-27,19.71,129.45,5.0,3,10.521333333333333,617.8199999999999,True,True,True,STRICTLY UNPOPULATED (NaN),YES
403322099254101,2000-04-15,2000-04-14,29.199999999999996,112.61,3.0,14,8.020999999999999,549.1899999999999,True,True,True,STRICTLY UNPOPULATED (NaN),YES
403322099264901,2000-04-15,2000-04-14,29.199999999999996,112.61,3.0,14,8.020999999999999,549.1899999999999,True,True,True,STRICTLY UNPOPULATED (NaN),YES
403322099272302,2000-04-25,2000-04-24,19.39,128.65,5.0,0,9.987,612.02,True,True,True,STRICTLY UNPOPULATED (NaN),YES
403322099304801,2000-04-25,2000-04-24,19.39,128.65,5.0,0,9.987,612.02,True,True,True,STRICTLY UNPOPULATED (NaN),YES
403322099371801,2000-04-28,2000-04-27,19.71,129.45,5.0,3,10.521333333333333,617.8199999999999,True,True,True,STRICTLY UNPOPULATED (NaN),YES
403328099181202,2000-04-15,2000-04-14,29.199999999999996,112.61,3.0,14,8.020999999999999,549.1899999999999,True,True,True,STRICTLY UNPOPULATED (NaN),YES
403335099150901,2000-04-28,2000-04-27,19.71,129.45,5.0,3,10.521333333333333,617.8199999999999,True,True,True,STRICTLY UNPOPULATED (NaN),YES
403336099225701,2000-04-15,2000-04-14,29.199999999999996,112.61,3.0,14,8.020999999999999,549.1899999999999,True,True,True,STRICTLY UNPOPULATED (NaN),YES
403431099362101,2000-04-15,2000-04-14,29.199999999999996,112.61,3.0,14,8.020999999999999,549.1899999999999,True,True,True,STRICTLY UNPOPULATED (NaN),YES
403433099250001,2000-04-25,2000-04-24,19.39,128.65,5.0,0,9.987,612.02,True,True,True,STRICTLY UNPOPULATED (NaN),YES
403453099141801,2000-04-28,2000-04-27,19.71,129.45,5.0,3,10.521333333333333,617.8199999999999,True,True,True,STRICTLY UNPOPULATED (NaN),YES
403453099190801,2000-04-28,2000-04-27,19.71,129.45,5.0,3,10.521333333333333,617.8199999999999,True,True,True,STRICTLY UNPOPULATED (NaN),YES
403454099304801,2000-04-28,2000-04-27,19.71,129.45,5.0,3,10.521333333333333,617.8199999999999,True,True,True,STRICTLY UNPOPULATED (NaN),YES
403506099350101,2000-04-28,2000-04-27,19.71,129.45,5.0,3,10.521333333333333,617.8199999999999,True,True,True,STRICTLY UNPOPULATED (NaN),YES
403507099234101,2000-04-28,2000-04-27,19.71,129.45,5.0,3,10.521333333333333,617.8199999999999,True,True,True,STRICTLY UNPOPULATED (NaN),YES
403507099254101,2000-04-15,2000-04-14,29.199999999999996,112.61,3.0,14,8.020999999999999,549.1899999999999,True,True,True,STRICTLY UNPOPULATED (NaN),YES
403520099201601,2000-04-28,2000-04-27,19.71,129.45,5.0,3,10.521333333333333,617.8199999999999,True,True,True,STRICTLY UNPOPULATED (NaN),YES
403540099260001,2000-04-15,2000-04-14,29.199999999999996,112.61,3.0,14,8.020999999999999,549.1899999999999,True,True,True,STRICTLY UNPOPULATED (NaN),YES
403625099315401,2000-04-28,2000-04-27,19.71,129.45,5.0,3,10.521333333333333,617.8199999999999,True,True,True,STRICTLY UNPOPULATED (NaN),YES
403625099361001,2000-04-25,2000-04-24,19.39,128.65,5.0,0,9.987,612.02,True,True,True,STRICTLY UNPOPULATED (NaN),YES
403638099154301,2000-04-15,2000-04-14,29.199999999999996,112.61,3.0,14,8.020999999999999,549.1899999999999,True,True,True,STRICTLY UNPOPULATED (NaN),YES
403644099350001,2000-04-15,2000-04-14,29.199999999999996,112.61,3.0,14,8.020999999999999,549.1899999999999,True,True,True,STRICTLY UNPOPULATED (NaN),YES
403646099293301,2000-04-25,2000-04-24,19.39,128.65,5.0,0,9.987,612.02,True,True,True,STRICTLY UNPOPULATED (NaN),YES
403651099281401,2000-04-25,2000-04-24,19.39,128.65,5.0,0,9.987,612.02,True,True,True,STRICTLY UNPOPULATED (NaN),YES
403730099373501,2000-04-25,2000-04-24,19.39,128.65,5.0,0,9.987,612.02,True,True,True,STRICTLY UNPOPULATED (NaN),YES
403739099281601,2000-04-15,2000-04-14,29.199999999999996,112.61,3.0,14,8.020999999999999,549.1899999999999,True,True,True,STRICTLY UNPOPULATED (NaN),YES
403822099324501,2000-04-25,2000-04-24,19.39,128.65,5.0,0,9.987,612.02,True,True,True,STRICTLY UNPOPULATED (NaN),YES
403858099305101,2000-04-15,2000-04-14,29.199999999999996,112.61,3.0,14,8.020999999999999,549.1899999999999,True,True,True,STRICTLY UNPOPULATED (NaN),YES
403902099313701,2000-04-25,2000-04-24,19.39,128.65,5.0,0,9.987,612.02,True,True,True,STRICTLY UNPOPULATED (NaN),YES
403915099190801,2000-04-15,2000-04-14,29.199999999999996,112.61,3.0,14,8.020999999999999,549.1899999999999,True,True,True,STRICTLY UNPOPULATED (NaN),YES
403922099223301,2000-06-01,2000-05-31,35.61000000000001,185.06,5.0,1,19.034666666666666,675.63,True,True,True,STRICTLY UNPOPULATED (NaN),YES
403928099333601,2000-04-15,2000-04-14,29.199999999999996,112.61,3.0,14,8.020999999999999,549.1899999999999,True,True,True,STRICTLY UNPOPULATED (NaN),YES
403928099371801,2000-04-25,2000-04-24,19.39,128.65,5.0,0,9.987,612.02,True,True,True,STRICTLY UNPOPULATED (NaN),YES
403941099331901,2000-04-25,2000-04-24,19.39,128.65,5.0,0,9.987,612.02,True,True,True,STRICTLY UNPOPULATED (NaN),YES
403941099342701,2000-04-25,2000-04-24,19.39,128.65,5.0,0,9.987,612.02,True,True,True,STRICTLY UNPOPULATED (NaN),YES
403954099255801,2000-04-25,2000-04-24,19.39,128.65,5.0,0,9.987,612.02,True,True,True,STRICTLY UNPOPULATED (NaN),YES
404007099294001,2000-04-25,2000-04-24,19.39,128.65,5.0,0,9.987,612.02,True,True,True,STRICTLY UNPOPULATED (NaN),YES
404007099351901,2000-04-25,2000-04-24,19.39,128.65,5.0,0,9.987,612.02,True,True,True,STRICTLY UNPOPULATED (NaN),YES
404016099370201,2000-04-12,2000-04-11,36.18,112.49,4.0,11,7.22,526.68,True,True,True,STRICTLY UNPOPULATED (NaN),YES
404020099355301,2000-04-25,2000-04-24,19.39,128.65,5.0,0,9.987,612.02,True,True,True,STRICTLY UNPOPULATED (NaN),YES
403163099379201,2002-04-15,2002-04-14,5.34,64.84,2.0,2,6.687333333333333,583.35,True,True,True,STRICTLY UNPOPULATED (NaN),YES
402301099272901,2005-04-15,2005-04-14,95.53999999999998,184.99999999999997,10.0,4,8.07,462.48,True,True,True,STRICTLY UNPOPULATED (NaN),YES
08N 20W 06 AAA,2006-04-15,2006-04-14,61.759999999999984,121.03,9.0,7,7.631,527.01,True,True,True,STRICTLY UNPOPULATED (NaN),YES
402404099383400,2007-04-18,2007-04-17,85.66999999999999,209.25,12.0,4,7.985333333333333,493.8,True,True,True,STRICTLY UNPOPULATED (NaN),YES
403117099261901,2007-04-15,2007-04-14,85.66999999999999,212.72,12.0,1,7.602666666666667,479.31,True,True,True,STRICTLY UNPOPULATED (NaN),YES
403739099293601,2007-04-20,2007-04-19,86.27,209.02,12.0,6,8.333,506.3,True,True,True,STRICTLY UNPOPULATED (NaN),YES
403832099293501,2007-04-20,2007-04-19,86.27,209.02,12.0,6,8.333,506.3,True,True,True,STRICTLY UNPOPULATED (NaN),YES
403927099293501,2007-04-20,2007-04-19,86.27,209.02,12.0,6,8.333,506.3,True,True,True,STRICTLY UNPOPULATED (NaN),YES
403946099383201,2007-04-20,2007-04-19,86.27,209.02,12.0,6,8.333,506.3,True,True,True,STRICTLY UNPOPULATED (NaN),YES
403949099293501,2007-04-20,2007-04-19,86.27,209.02,12.0,6,8.333,506.3,True,True,True,STRICTLY UNPOPULATED (NaN),YES
404006099282401,2007-04-20,2007-04-19,86.27,209.02,12.0,6,8.333,506.3,True,True,True,STRICTLY UNPOPULATED (NaN),YES
404040099383501,2007-04-20,2007-04-19,86.27,209.02,12.0,6,8.333,506.3,True,True,True,STRICTLY UNPOPULATED (NaN),YES
404059099383501,2007-04-20,2007-04-19,86.27,209.02,12.0,6,8.333,506.3,True,True,True,STRICTLY UNPOPULATED (NaN),YES
402423099152001,2008-04-15,2008-04-14,65.74999999999999,116.61,8.0,4,4.599666666666668,484.23,True,True,True,STRICTLY UNPOPULATED (NaN),YES
402458099344401,2008-04-15,2008-04-14,65.74999999999999,116.61,8.0,4,4.599666666666668,484.23,True,True,True,STRICTLY UNPOPULATED (NaN),YES
402532099222601,2008-04-15,2008-04-14,65.74999999999999,116.61,8.0,4,4.599666666666668,484.23,True,True,True,STRICTLY UNPOPULATED (NaN),YES
402649099350601,2008-04-15,2008-04-14,65.74999999999999,116.61,8.0,4,4.599666666666668,484.23,True,True,True,STRICTLY UNPOPULATED (NaN),YES
402853099135101,2008-04-15,2008-04-14,65.74999999999999,116.61,8.0,4,4.599666666666668,484.23,True,True,True,STRICTLY UNPOPULATED (NaN),YES
402854099213801,2008-04-15,2008-04-14,65.74999999999999,116.61,8.0,4,4.599666666666668,484.23,True,True,True,STRICTLY UNPOPULATED (NaN),YES
403903099214301,2008-04-15,2008-04-14,65.74999999999999,116.61,8.0,4,4.599666666666668,484.23,True,True,True,STRICTLY UNPOPULATED (NaN),YES
403959099282801,2008-04-15,2008-04-14,65.74999999999999,116.61,8.0,4,4.599666666666668,484.23,True,True,True,STRICTLY UNPOPULATED (NaN),YES
402532099222602,2008-10-10,2008-10-09,66.98999999999998,629.1,7.0,3,17.837000000000003,512.15,True,True,True,STRICTLY UNPOPULATED (NaN),YES
402649099350602,2008-10-10,2008-10-09,66.98999999999998,629.1,7.0,3,17.837000000000003,512.15,True,True,True,STRICTLY UNPOPULATED (NaN),YES
402854099213802,2008-10-09,2008-10-08,66.99,629.14,7.0,2,17.854333333333333,512.3299999999999,True,True,True,STRICTLY UNPOPULATED (NaN),YES
402853099135102,2008-10-09,2008-10-08,66.99,629.14,7.0,2,17.854333333333333,512.3299999999999,True,True,True,STRICTLY UNPOPULATED (NaN),YES
403903099214302,2008-10-09,2008-10-08,66.99,629.14,7.0,2,17.854333333333333,512.3299999999999,True,True,True,STRICTLY UNPOPULATED (NaN),YES
403959099282802,2008-10-09,2008-10-08,66.99,629.14,7.0,2,17.854333333333333,512.3299999999999,True,True,True,STRICTLY UNPOPULATED (NaN),YES
402458099344402,2008-10-10,2008-10-09,66.98999999999998,629.1,7.0,3,17.837000000000003,512.15,True,True,True,STRICTLY UNPOPULATED (NaN),YES
403408099130501,2008-10-09,2008-10-08,66.99,629.14,7.0,2,17.854333333333333,512.3299999999999,True,True,True,STRICTLY UNPOPULATED (NaN),YES
403408099130502,2008-10-09,2008-10-08,66.99,629.14,7.0,2,17.854333333333333,512.3299999999999,True,True,True,STRICTLY UNPOPULATED (NaN),YES
403350099282701,2008-10-09,2008-10-08,66.99,629.14,7.0,2,17.854333333333333,512.3299999999999,True,True,True,STRICTLY UNPOPULATED (NaN),YES
403350099282702,2008-10-09,2008-10-08,66.99,629.14,7.0,2,17.854333333333333,512.3299999999999,True,True,True,STRICTLY UNPOPULATED (NaN),YES
403315099351501,2008-10-10,2008-10-09,66.98999999999998,629.1,7.0,3,17.837000000000003,512.15,True,True,True,STRICTLY UNPOPULATED (NaN),YES
403315099351502,2008-10-10,2008-10-09,66.98999999999998,629.1,7.0,3,17.837000000000003,512.15,True,True,True,STRICTLY UNPOPULATED (NaN),YES
402636099271801,2008-10-10,2008-10-09,66.98999999999998,629.1,7.0,3,17.837000000000003,512.15,True,True,True,STRICTLY UNPOPULATED (NaN),YES
402636099271802,2008-10-10,2008-10-09,66.98999999999998,629.1,7.0,3,17.837000000000003,512.15,True,True,True,STRICTLY UNPOPULATED (NaN),YES
403037099111401,2006-10-16,2006-10-15,54.43999999999998,473.99,5.0,5,13.968666666666667,435.56,True,True,True,STRICTLY UNPOPULATED (NaN),YES
403037099135301,2006-10-16,2006-10-15,54.43999999999998,473.99,5.0,5,13.968666666666667,435.56,True,True,True,STRICTLY UNPOPULATED (NaN),YES
402107099262000,2000-04-13,2000-04-12,35.86,112.49,4.0,12,7.350999999999999,534.26,True,True,True,STRICTLY UNPOPULATED (NaN),YES
402115099213100,2000-04-04,2000-04-03,53.31,112.45,6.0,3,6.231333333333334,459.02000000000004,True,True,True,STRICTLY UNPOPULATED (NaN),YES
402159099301600,2000-04-13,2000-04-12,35.86,112.49,4.0,12,7.350999999999999,534.26,True,True,True,STRICTLY UNPOPULATED (NaN),YES
402200099160700,2000-04-04,2000-04-03,53.31,112.45,6.0,3,6.231333333333334,459.02000000000004,True,True,True,STRICTLY UNPOPULATED (NaN),YES
402233099341700,2000-04-13,2000-04-12,35.86,112.49,4.0,12,7.350999999999999,534.26,True,True,True,STRICTLY UNPOPULATED (NaN),YES
402320099231001,2000-04-04,2000-04-03,53.31,112.45,6.0,3,6.231333333333334,459.02000000000004,True,True,True,STRICTLY UNPOPULATED (NaN),YES
402326099185300,2000-04-04,2000-04-03,53.31,112.45,6.0,3,6.231333333333334,459.02000000000004,True,True,True,STRICTLY UNPOPULATED (NaN),YES
402342099143300,2000-04-04,2000-04-03,53.31,112.45,6.0,3,6.231333333333334,459.02000000000004,True,True,True,STRICTLY UNPOPULATED (NaN),YES
402406099311800,2000-04-13,2000-04-12,35.86,112.49,4.0,12,7.350999999999999,534.26,True,True,True,STRICTLY UNPOPULATED (NaN),YES
402421099112000,2000-04-04,2000-04-03,53.31,112.45,6.0,3,6.231333333333334,459.02000000000004,True,True,True,STRICTLY UNPOPULATED (NaN),YES
402435099262900,2000-04-13,2000-04-12,35.86,112.49,4.0,12,7.350999999999999,534.26,True,True,True,STRICTLY UNPOPULATED (NaN),YES
402513099164801,2000-04-04,2000-04-03,53.31,112.45,6.0,3,6.231333333333334,459.02000000000004,True,True,True,STRICTLY UNPOPULATED (NaN),YES
402609099350800,2000-04-13,2000-04-12,35.86,112.49,4.0,12,7.350999999999999,534.26,True,True,True,STRICTLY UNPOPULATED (NaN),YES
402630099305500,2000-04-13,2000-04-12,35.86,112.49,4.0,12,7.350999999999999,534.26,True,True,True,STRICTLY UNPOPULATED (NaN),YES
402756099320601,2000-04-13,2000-04-12,35.86,112.49,4.0,12,7.350999999999999,534.26,True,True,True,STRICTLY UNPOPULATED (NaN),YES
402813099382100,2000-04-13,2000-04-12,35.86,112.49,4.0,12,7.350999999999999,534.26,True,True,True,STRICTLY UNPOPULATED (NaN),YES
402906099342201,2000-04-13,2000-04-12,35.86,112.49,4.0,12,7.350999999999999,534.26,True,True,True,STRICTLY UNPOPULATED (NaN),YES
402952099114401,2006-10-16,2006-10-15,54.43999999999998,473.99,5.0,5,13.968666666666667,435.56,True,True,True,STRICTLY UNPOPULATED (NaN),YES
403104099130201,2003-04-10,2003-04-09,40.2,116.17999999999999,5.0,3,8.284666666666668,480.08,True,True,True,STRICTLY UNPOPULATED (NaN),YES
403123099261501,2000-04-12,2000-04-11,36.18,112.49,4.0,11,7.22,526.68,True,True,True,STRICTLY UNPOPULATED (NaN),YES
403348099114401,2000-05-01,2000-04-30,37.24,149.08,6.0,0,11.079,626.1700000000001,True,True,True,STRICTLY UNPOPULATED (NaN),YES
403645099242701,2005-07-21,2005-07-20,39.289999999999985,398.77,13.0,3,26.011333333333333,800.67,True,True,True,STRICTLY UNPOPULATED (NaN),YES
403645099242702,2005-07-21,2005-07-20,39.289999999999985,398.77,13.0,3,26.011333333333333,800.67,True,True,True,STRICTLY UNPOPULATED (NaN),YES
403710099104601,2005-06-06,2005-06-05,172.36999999999998,313.55999999999995,13.0,1,18.239333333333335,695.8499999999999,True,True,True,STRICTLY UNPOPULATED (NaN),YES
403710099104602,2005-06-06,2005-06-05,172.36999999999998,313.55999999999995,13.0,1,18.239333333333335,695.8499999999999,True,True,True,STRICTLY UNPOPULATED (NaN),YES
403738099181101,2005-06-06,2005-06-05,172.36999999999998,313.55999999999995,13.0,1,18.239333333333335,695.8499999999999,True,True,True,STRICTLY UNPOPULATED (NaN),YES
403738099181102,2005-06-06,2005-06-05,172.36999999999998,313.55999999999995,13.0,1,18.239333333333335,695.8499999999999,True,True,True,STRICTLY UNPOPULATED (NaN),YES
403831099173501,2005-06-06,2005-06-05,172.36999999999998,313.55999999999995,13.0,1,18.239333333333335,695.8499999999999,True,True,True,STRICTLY UNPOPULATED (NaN),YES
403831099173502,2005-06-06,2005-06-05,172.36999999999998,313.55999999999995,13.0,1,18.239333333333335,695.8499999999999,True,True,True,STRICTLY UNPOPULATED (NaN),YES
404033099373001,2005-07-21,2005-07-20,39.289999999999985,398.77,13.0,3,26.011333333333333,800.67,True,True,True,STRICTLY UNPOPULATED (NaN),YES
404102099373001,2005-07-21,2005-07-20,39.289999999999985,398.77,13.0,3,26.011333333333333,800.67,True,True,True,STRICTLY UNPOPULATED (NaN),YES
404102099373002,2005-07-21,2005-07-20,39.289999999999985,398.77,13.0,3,26.011333333333333,800.67,True,True,True,STRICTLY UNPOPULATED (NaN),YES
402756099270601,2000-04-25,2000-04-24,19.39,128.65,5.0,0,9.987,612.02,True,True,True,STRICTLY UNPOPULATED (NaN),YES
402835099281401,2000-04-25,2000-04-24,19.39,128.65,5.0,0,9.987,612.02,True,True,True,STRICTLY UNPOPULATED (NaN),YES
402919099104601,2006-10-16,2006-10-15,54.43999999999998,473.99,5.0,5,13.968666666666667,435.56,True,True,True,STRICTLY UNPOPULATED (NaN),YES
403322099254102,2000-04-25,2000-04-24,19.39,128.65,5.0,0,9.987,612.02,True,True,True,STRICTLY UNPOPULATED (NaN),YES
403322099264902,2000-04-25,2000-04-24,19.39,128.65,5.0,0,9.987,612.02,True,True,True,STRICTLY UNPOPULATED (NaN),YES
403453099322801,2000-04-28,2000-04-27,19.71,129.45,5.0,3,10.521333333333333,617.8199999999999,True,True,True,STRICTLY UNPOPULATED (NaN),YES
403518099235901,2002-08-27,2002-08-26,78.5,246.46,10.0,0,26.235000000000003,669.47,True,True,True,STRICTLY UNPOPULATED (NaN),YES
403540099260002,2006-04-12,2006-04-11,61.77999999999999,121.03999999999999,9.0,4,6.162333333333334,504.38,True,True,True,STRICTLY UNPOPULATED (NaN),YES
403954099335301,2000-04-25,2000-04-24,19.39,128.65,5.0,0,9.987,612.02,True,True,True,STRICTLY UNPOPULATED (NaN),YES
404007099250701,2000-04-25,2000-04-24,19.39,128.65,5.0,0,9.987,612.02,True,True,True,STRICTLY UNPOPULATED (NaN),YES
404007099252401,2000-04-25,2000-04-24,19.39,128.65,5.0,0,9.987,612.02,True,True,True,STRICTLY UNPOPULATED (NaN),YES
402334099293302,2008-05-27,2008-05-26,178.55999999999997,322.28999999999996,13.0,0,14.572666666666667,675.0,True,True,True,STRICTLY UNPOPULATED (NaN),YES
402334099293301,2008-05-27,2008-05-26,178.55999999999997,322.28999999999996,13.0,0,14.572666666666667,675.0,True,True,True,STRICTLY UNPOPULATED (NaN),YES
403558099371801,2010-04-26,2010-04-25,88.32999999999998,216.75,9.0,1,11.697666666666668,576.5899999999999,True,True,True,STRICTLY UNPOPULATED (NaN),YES
402900099150901,2008-04-07,2008-04-06,27.52999999999999,115.87,5.0,3,4.990333333333334,515.5400000000001,True,True,True,STRICTLY UNPOPULATED (NaN),YES
403810099281401,2008-04-08,2008-04-07,32.109999999999985,120.44,6.0,0,5.015000000000001,503.8,True,True,True,STRICTLY UNPOPULATED (NaN),YES
403029099130401,2020-04-15,2020-04-14,24.44999999999999,144.95000000000002,4.0,17,6.404666666666668,504.47,True,True,True,STRICTLY UNPOPULATED (NaN),YES
402854099213803,2023-04-17,2023-04-16,14.139999999999993,105.77,3.0,1,7.276666666666668,587.08,True,True,True,STRICTLY UNPOPULATED (NaN),YES
403316099192301,2023-04-12,2023-04-11,13.579999999999993,103.98,2.0,15,5.208333333333334,564.32,True,True,True,STRICTLY UNPOPULATED (NaN),YES
403226099345801,2023-04-12,2023-04-11,13.579999999999993,103.98,2.0,15,5.208333333333334,564.32,True,True,True,STRICTLY UNPOPULATED (NaN),YES
403327099192302,2023-04-12,2023-04-11,13.579999999999993,103.98,2.0,15,5.208333333333334,564.32,True,True,True,STRICTLY UNPOPULATED (NaN),YES
G-187841Deep,2023-04-12,2023-04-11,13.579999999999993,103.98,2.0,15,5.208333333333334,564.32,True,True,True,STRICTLY UNPOPULATED (NaN),YES
403316099202901,2023-04-12,2023-04-11,13.579999999999993,103.98,2.0,15,5.208333333333334,564.32,True,True,True,STRICTLY UNPOPULATED (NaN),YES
403248099315201,2023-04-12,2023-04-11,13.579999999999993,103.98,2.0,15,5.208333333333334,564.32,True,True,True,STRICTLY UNPOPULATED (NaN),YES
G-189411Deep,2023-04-12,2023-04-11,13.579999999999993,103.98,2.0,15,5.208333333333334,564.32,True,True,True,STRICTLY UNPOPULATED (NaN),YES
