Gap_Decay_Scale_Days,Count_Saturation_Obs,Weight_Mixture,RMSE_mean,RMSE_std,MAE_mean,MAE_std,R2_mean,R2_std,P90_AE_mean,P90_AE_std,P95_AE_mean,P95_AE_std
180.0,2.0,0.2/0.5/0.3 (Default),6.351559224815976,0.8290286527192202,3.1056149099993493,0.4335739281326522,0.9867738152867336,0.0073894067134809005,6.441903858763065,1.3401704919206667,10.00920134090674,1.436915980207263
180.0,2.0,0.2/0.6/0.2,6.738261642252769,0.5984562347163342,3.5233158800205415,0.14326092309372188,0.9858785887704459,0.0048982409560729264,7.176826888171273,0.4072968807832652,13.156259510197486,6.034082523563292
180.0,2.0,0.25/0.50/0.25,6.298130528172983,0.7993563673090829,3.1683269018520597,0.3209790674489696,0.9870191900421205,0.00715644174088268,6.665424968661594,0.908659865370753,10.398199138794732,0.1506816718985153
180.0,2.0,0.3/0.5/0.2,6.352561156187985,0.6906370762789948,3.204195117620953,0.3475896134283593,0.9868527670017356,0.006787476775854987,6.88543400114074,1.1871923168550051,10.145930372874178,2.1560811647261557
180.0,3.0,0.2/0.5/0.3 (Default),6.136061176938109,0.6640154716014725,3.112296174711911,0.41413216533379876,0.9877791599946426,0.006290065119943715,6.4324228472216065,1.0176056692061206,9.624296202896913,1.4869278716541865
180.0,3.0,0.2/0.6/0.2,6.57367519245112,0.6069026642080798,3.4810343825377714,0.11423857080658499,0.9863755935722193,0.005591101686844307,7.448896352471242,0.44379784821504653,13.507658637765736,4.2044691668600835
180.0,3.0,0.25/0.50/0.25,6.442402545544051,1.0152458987594213,3.2120614387054207,0.5232044704443617,0.9861443938959776,0.008554666497491412,6.823714429677056,1.584086243891092,10.92089740571346,3.0171470782117717
180.0,3.0,0.3/0.5/0.2,6.351579545837628,1.1285506656053532,3.180532878699793,0.5700124681074847,0.9864189852787199,0.008903732830060232,6.791232179104966,1.2323044455043142,10.843900693508578,2.4684444592428676
180.0,5.0,0.2/0.5/0.3 (Default),6.20729440495493,1.0107391043424634,3.1613146409445725,0.5023088186682408,0.9871214007843618,0.008076246623901322,6.637906800050185,1.321681441874805,9.647627405801108,1.4758324079871423
180.0,5.0,0.2/0.6/0.2,6.4512888352789295,0.8507837498361432,3.484678766197794,0.357492965751555,0.986701367082306,0.006398738521152749,7.4498194067718835,0.7654105621038714,11.759905925804611,4.361616508943396
180.0,5.0,0.25/0.50/0.25,6.201733162868588,0.8482495764820734,3.106235890886044,0.42629141582328595,0.9873522009470698,0.007223978983407759,6.498059386948705,0.8552975924613023,9.214568408610011,1.3025487470475658
180.0,5.0,0.3/0.5/0.2,6.284367368196037,0.722460601071193,3.14525148089387,0.45845548839451794,0.9871064461916613,0.006842278015647722,6.785396284404224,1.4447850222912608,10.158402163146816,2.492751449741918
365.25,2.0,0.2/0.5/0.3 (Default),6.407322933814039,1.296536636286109,3.0864875667558516,0.5604951500530515,0.9862602310199308,0.0090561496518846,6.269409418259703,0.6991296219228956,11.320396474484147,3.067729425561556
365.25,2.0,0.2/0.6/0.2,6.396719920138032,0.9651887177949684,3.1135288751224297,0.47216776355857554,0.986364765304706,0.008204864895389546,6.371381996148801,1.3277600394269586,11.560296129120585,2.384504465110302
365.25,2.0,0.25/0.50/0.25,6.261208619271531,1.0587101747983225,3.0513242344551004,0.3688707755407808,0.9872140261288767,0.0072598172077392685,6.648142278597017,0.15473109199354823,10.610609629233572,1.4736182757303855
365.25,2.0,0.3/0.5/0.2,6.316333658876537,1.1834936768446627,3.0387797136240753,0.5378394300026875,0.9867951922380266,0.008199767599641132,6.198513983645377,0.9914272010470251,10.562521211304885,2.0999354313885354
365.25,3.0,0.2/0.5/0.3 (Default),6.2680125120856856,0.9976495530320101,3.0590581874440512,0.4189757040709695,0.9870031457812464,0.00785669197889063,6.4284778981964905,0.8392530919330181,10.37103811705239,3.1378991595836627
365.25,3.0,0.2/0.6/0.2,6.427928364110312,1.034153838912275,3.1745577442377524,0.5106521134928249,0.9861894929230037,0.008616581037484618,6.656886022230083,0.6954878166400074,11.458047390314084,2.648356748057551
365.25,3.0,0.25/0.50/0.25,6.188574244851598,1.0741403029537404,2.9781133524022034,0.4557900176490671,0.9872957207293265,0.007888933008575379,5.961353468481925,0.8891721309746756,9.592900351175457,1.7118558284591396
365.25,3.0,0.3/0.5/0.2,6.228595700787641,1.1915186533762343,3.0501557350006343,0.5090952855891355,0.986970003059288,0.008641225062599806,6.215494760076822,0.4130684906725758,10.401728352795411,2.734457907041411
365.25,5.0,0.2/0.5/0.3 (Default),6.321711692868035,1.2574232235073293,3.174547122623428,0.5196564836203336,0.9865566732313304,0.009025552027237331,6.717082692649076,0.7503690661801868,11.146001951711261,3.4891838694684716
365.25,5.0,0.2/0.6/0.2,6.376893181304342,0.8116386452000554,3.147993657031602,0.43487072870520976,0.9866704554541402,0.00738880855204871,6.920527760887336,1.253612040051944,9.87355716418645,1.4485219554063056
365.25,5.0,0.25/0.50/0.25,6.332363425849287,1.6058294147348484,3.1318626507572964,0.7333894240966534,0.9858536451565733,0.01136009313646779,6.093841714467402,1.6522697536954276,11.614015435720688,5.5312710956681315
365.25,5.0,0.3/0.5/0.2,6.486499224234695,1.3434328765078876,3.135223132243429,0.7317736085610874,0.9857280609086675,0.009937476143860108,6.0984523710497625,1.1757657763412863,11.318429329943685,5.4371290284203075
730.0,2.0,0.2/0.5/0.3 (Default),6.137663120854974,1.133332731514262,2.869638319770775,0.4692603109822419,0.9875833827781296,0.007539666207448023,5.900969246844027,1.03651377217061,11.213118077141084,2.8284964686742016
730.0,2.0,0.2/0.6/0.2,6.263900374766121,0.9562034711701649,3.0357473638919017,0.4261839338092674,0.9870338414848755,0.007738176915534462,6.160380337512929,0.755603544084762,10.462146790142265,1.51333794796723
730.0,2.0,0.25/0.50/0.25,6.314427148131735,1.1429113582007817,3.022357911643294,0.4835364998966493,0.9868036487327752,0.008159165524885928,5.995557579760292,1.237951361979405,11.719732528456063,3.0059230172123814
730.0,2.0,0.3/0.5/0.2,6.349477878866679,1.1637302943330896,3.0146662425743753,0.4902811787778364,0.9865684526830459,0.008568404657890796,6.131595817361128,0.7261513471671606,11.330398157973546,3.4566243535534715
730.0,3.0,0.2/0.5/0.3 (Default),6.306045028132886,1.2670028816622527,2.9782125189461595,0.608446484726914,0.9867121325498999,0.008691281056344842,6.10770914271997,1.2408980850547822,11.061615655912982,3.9711006945197265
730.0,3.0,0.2/0.6/0.2,6.410167330981754,1.1102807706753703,3.0131608018844744,0.47811780846419405,0.9864111949493313,0.008321011141685538,6.368017829303047,1.0749199000259786,11.246136228111018,2.67348543422138
730.0,3.0,0.25/0.50/0.25,6.321301007274299,1.3914059190148986,2.9764489496606052,0.5500105618387272,0.9862652774046716,0.01006468267972718,5.791563682877606,0.6373463672647999,12.339334640848945,5.8863037926614235
730.0,3.0,0.3/0.5/0.2,6.14492887156509,1.0433125862048152,2.9112196686808662,0.42674470835322226,0.9875485851882099,0.007499683343157591,6.034256006703963,0.8455371468684825,10.726669785569841,2.9175740373030816
730.0,5.0,0.2/0.5/0.3 (Default),6.4645417654860715,1.343460955739713,3.026772446099315,0.7212615451147328,0.9859421861874823,0.009495665712912525,6.122246515812578,1.111790723008097,12.340495422783695,5.866423072561124
730.0,5.0,0.2/0.6/0.2,6.610100466263421,1.328557141389297,3.20315384587269,0.6626943872018981,0.9852016099638351,0.010193272288753129,6.444241495700723,1.2843037485994346,12.617916291567036,5.859161767288891
730.0,5.0,0.25/0.50/0.25,6.339787164541465,1.2100438702901428,2.9956991474542902,0.6134608179814245,0.986694493594867,0.008286494895952543,6.014600842176452,1.3123232812818406,11.483075343061387,3.781608439770021
730.0,5.0,0.3/0.5/0.2,6.275939132559557,1.1107770821044185,2.9496186723296502,0.4976981524479857,0.9869378328238431,0.008126354948314025,6.063660394941185,0.8649320897609039,10.740799130666645,3.6561349264392713
