Experiment,Split,Config_Key,Configuration,Model,Sample_Count,R2,MAE,RMSE,Mean_Error,Median_Absolute_Error,P90_Absolute_Error,P95_Absolute_Error
Temporal_Warm_Start,Temporal Test (Warm Start),Model_A,Model A (Environmental Only),Random Forest,180,0.9967417645190051,2.7653852680124755,3.5803628274196937,0.10912639934563867,2.2280204761904834,5.434243806547645,6.99068284374994
Temporal_Warm_Start,Temporal Test (Warm Start),Model_A,Model A (Environmental Only),XGBoost,180,0.9961109570390896,3.11179666407903,3.9116246608949625,-0.913023767736223,2.928735580444336,6.360051427841186,7.493117946624752
Temporal_Warm_Start,Temporal Test (Warm Start),Model_A,Model A (Environmental Only),LightGBM,180,0.9948512770107272,3.529242062276891,4.5007570294147055,-1.082312284739206,3.069954720934052,7.061733486696091,9.552822015106106
Temporal_Warm_Start,Temporal Test (Warm Start),Model_B,Model B (Environmental + History),Random Forest,180,0.9991643417821947,1.419269368386241,1.8132185328625094,0.12635447089948096,1.150174999999999,2.8304750000000793,3.542077500000042
Temporal_Warm_Start,Temporal Test (Warm Start),Model_B,Model B (Environmental + History),XGBoost,180,0.9989837477180902,1.4821965745290127,1.9995698145434309,-0.31061275058322485,1.1069842529296885,3.222629974365238,4.089674804687493
Temporal_Warm_Start,Temporal Test (Warm Start),Model_B,Model B (Environmental + History),LightGBM,180,0.9989905228780958,1.5123163983584147,1.9928932929992729,0.334527708742245,1.1850579477157819,3.131190339214825,3.8929921137259353
Temporal_Warm_Start,Temporal Test (Warm Start),Model_C,Model C (Environmental + History + Quality),Random Forest,180,0.9991411011149472,1.4337544494047658,1.8382595236145927,0.11447935350530049,1.1676375000000583,2.8607874999999954,3.4485062500001007
Temporal_Warm_Start,Temporal Test (Warm Start),Model_C,Model C (Environmental + History + Quality),XGBoost,180,0.9988406211693822,1.5937951356569933,2.135740524593891,-0.30728034628762146,1.246261901855469,3.266386077880859,4.180746307373045
Temporal_Warm_Start,Temporal Test (Warm Start),Model_C,Model C (Environmental + History + Quality),LightGBM,180,0.9990187885135992,1.4354596389168652,1.964794423873909,0.10085726112172073,1.0095950897638801,3.0026760766653235,4.027870467977088
Unseen_Well_Warm_Start,Unseen Wells (Warm Start),Model_A,Model A (Environmental Only),Random Forest,744,0.7862900102108166,14.591684292063693,22.995712555829375,-0.4581259938348907,7.319995535714279,49.85370201488118,54.41754211309533
Unseen_Well_Warm_Start,Unseen Wells (Warm Start),Model_A,Model A (Environmental Only),XGBoost,744,0.805825069530355,12.76966098052199,21.919519956321793,-2.1951829530346783,4.335985679626464,30.67149514770508,60.752118164062516
Unseen_Well_Warm_Start,Unseen Wells (Warm Start),Model_A,Model A (Environmental Only),LightGBM,744,0.8116618329922751,12.755572472278711,21.587563559961552,-1.9951480596164408,6.005634032715156,27.37539029926001,66.53346918428228
Unseen_Well_Warm_Start,Unseen Wells (Warm Start),Model_B,Model B (Environmental + History),Random Forest,744,0.9892942675651779,2.889559418362751,5.146863519042368,0.7528724318356318,1.6143874999998307,5.81403083333327,14.191513249999844
Unseen_Well_Warm_Start,Unseen Wells (Warm Start),Model_B,Model B (Environmental + History),XGBoost,744,0.99541904762063,2.384027165648758,3.366761468443238,-0.013376184894192695,1.5746685791015613,5.827519783020018,7.523130783081055
Unseen_Well_Warm_Start,Unseen Wells (Warm Start),Model_B,Model B (Environmental + History),LightGBM,744,0.9299669663253379,5.0306340330261,13.163941065301785,2.515709751389783,1.574909693482212,6.395958748115521,48.954732448916005
Unseen_Well_Warm_Start,Unseen Wells (Warm Start),Model_C,Model C (Environmental + History + Quality),Random Forest,744,0.9888735037385674,2.89417454765103,5.247031515829473,0.8092731891641027,1.5403999999999853,5.631428750000082,15.17457408333325
Unseen_Well_Warm_Start,Unseen Wells (Warm Start),Model_C,Model C (Environmental + History + Quality),XGBoost,744,0.9941046470743,2.5301760278978658,3.8193491722593222,0.0720409018249921,1.4872759437561038,6.109365142822266,8.858544097900392
Unseen_Well_Warm_Start,Unseen Wells (Warm Start),Model_C,Model C (Environmental + History + Quality),LightGBM,744,0.9388675602235642,4.965078918352385,12.299014794792226,2.2008057579553597,1.697872893681506,6.83596732921521,45.84622783832216
